Kenneth,Allen,kallen0@slashdot.org,DlmIEn8,Ukraine,Matviyivka
Annie,Mason,amason1@bravesites.com,lJ6unx,Nigeria,Mahuta
Joe,Lawrence,jlawrence2@ezinearticles.com,YWzHDz0RHE,Bulgaria,Chirpan
Adam,Burns,aburns3@hugedomains.com,10f5gAUPq,Serbia,Mali Iđoš
Paula,Cooper,pcooper4@fotki.com,KP3Ufx,China,Zhendong
Kelly,Schmidt,kschmidt5@nytimes.com,KMGbVwHT3,China,Laiyang
Brenda,Wheeler,bwheeler6@purevolume.com,0hrowGKucWy,Peru,Pimentel
Shawn,Kennedy,skennedy7@dyndns.org,zPbHSYvuVD,Brazil,Miguelópolis
Barbara,Sanders,bsanders8@house.gov,fvb6zBWAk,United States,Rochester
Jose,Ross,jross9@seesaa.net,5hDLzheMQ,Uzbekistan,Qorovulbozor
Bonnie,Kelly,bkellya@jiathis.com,j3nTHHHY,France,Noailles
Pamela,Stanley,pstanleyb@rambler.ru,yex0IdVnf,Indonesia,Oehaunu
Andrea,Walker,awalkerc@delicious.com,kgqXMb,China,Hetou
Jean,Long,jlongd@plala.or.jp,F854s8N6CiCR,Honduras,Las Vegas
Phillip,Frazier,pfraziere@exblog.jp,Oqohelhza,Philippines,Ungus-Ungus
Ashley,Gray,agrayf@furl.net,5Ihe20j,Czech Republic,Jaroměřice nad Rokytnou
Patricia,Schmidt,pschmidtg@sourceforge.net,PI8MKw,Moldova,Comrat
Margaret,Sanchez,msanchezh@seattletimes.com,G3ZoYE,Pakistan,Mithi
Marie,Gardner,mgardneri@google.nl,mr4BaT,China,Magutian
Carl,Webb,cwebbj@prnewswire.com,44s8oW9Ss5aB,Finland,Vinkkilä
Kathleen,Moore,kmoorek@opensource.org,gvGVs9iC,China,Zhangyang
Mary,Russell,mrusselll@dropbox.com,etq7kDfaqmq,Gambia,Bambali
Stephanie,Johnston,sjohnstonm@purevolume.com,lg5mmVRZZa7,Madagascar,Antanifotsy
Patricia,Perez,pperezn@springer.com,RJWGahcw,Japan,Yoichi
Joan,Johnston,jjohnstono@simplemachines.org,HxCEbJ7bLiv,Japan,Isahaya
Karen,Simpson,ksimpsonp@usgs.gov,dM9MJkcWL,Indonesia,Funga
Justin,Dixon,jdixonq@cnet.com,mpEFxlVV,Italy,Villanova
David,Andrews,dandrewsr@jiathis.com,DLAHmt1S,Indonesia,Tegalgunung
Dorothy,Russell,drussells@yellowbook.com,DgcpLS,Honduras,Camasca
Edward,Ryan,eryant@upenn.edu,PrdbGxvtiIEu,Jamaica,Seaforth
Sara,Oliver,soliveru@globo.com,3HA7oRQVSTl,Indonesia,Cimuncang
Theresa,Foster,tfosterv@dailymail.co.uk,uxZwkl,China,Haolibao
Michelle,Thomas,mthomasw@latimes.com,9Q1gP5,Philippines,Danao
Christopher,Ford,cfordx@weibo.com,4DT60x5,Argentina,Veinticinco de Mayo
Kathryn,Mitchell,kmitchelly@foxnews.com,CrsL0AEuUl,Russia,Korenëvo
Adam,Hunt,ahuntz@cyberchimps.com,Elnuzg,France,Nîmes
Timothy,Riley,triley10@cdbaby.com,hu2yye,China,Yushang
Rebecca,Vasquez,rvasquez11@hatena.ne.jp,KtqAHbOkUr,France,Wasquehal
Jason,Burton,jburton12@sogou.com,QriQIl2ZfPG,Brazil,São Bernardo do Campo
Jean,Vasquez,jvasquez13@bbc.co.uk,nAXHGEpqPJ,Indonesia,Leran
Linda,Freeman,lfreeman14@sohu.com,PFIhsA,Russia,Gon’ba
Nancy,Howard,nhoward15@flavors.me,oLtntY,Russia,Nizhnyaya Salda
Lawrence,Hawkins,lhawkins16@kickstarter.com,PyzR7A8y9W,France,Paris La Défense
Virginia,Larson,vlarson17@berkeley.edu,qPFdell9,Indonesia,Semanding
Gary,Banks,gbanks18@intel.com,ylB7KOXwEs,Republic of the Congo,Dolisie
Jimmy,Warren,jwarren19@yellowpages.com,IQf8tt,Poland,Wysoka
Terry,Burns,tburns1a@paypal.com,RvKHGvz,Dominican Republic,Fantino
Kevin,Palmer,kpalmer1b@163.com,mIcGJSM7c,Portugal,Chão
Sean,Hansen,shansen1c@reddit.com,uFOuGS,France,Annecy
Nancy,Moreno,nmoreno1d@dedecms.com,FbSgUyM6Rq,China,Sajia
Edward,Lee,elee1e@about.com,zQtijO,Brazil,Irecê
Jeremy,Dixon,jdixon1f@skype.com,uDWy1DhaQs,Finland,Tuusula
Cheryl,Martinez,cmartinez1g@unblog.fr,SmUDITfF,Ukraine,Berezanka
Carlos,Hudson,chudson1h@acquirethisname.com,CidV6q11vn,France,Orléans
Christopher,Kim,ckim1i@slashdot.org,BzFhPbEm,Philippines,Mantalongon
Martha,Patterson,mpatterson1j@nhs.uk,4QgNALX15,Poland,Frydrychowice
John,Chapman,jchapman1k@merriam-webster.com,QS0x2d,Palestinian Territory,Zaytā
Bobby,Carroll,bcarroll1l@squidoo.com,b9wzVq0daKw,Central African Republic,Bozoum
Janice,Rogers,jrogers1m@booking.com,ja1YHyJ,Brazil,Lajinha
Thomas,Gardner,tgardner1n@wikipedia.org,vNKBySlX,France,Tours
Tammy,Armstrong,tarmstrong1o@rambler.ru,Aawvyk,Portugal,Guilhabreu
Henry,Oliver,holiver1p@va.gov,WQDat21tC0x9,China,Chengyang
Lillian,Garza,lgarza1q@arstechnica.com,PPdkdzL6,Poland,Mników
Ruby,Banks,rbanks1r@themeforest.net,wgjLu8,Indonesia,Suwaluh
Jessica,Griffin,jgriffin1s@house.gov,fhp0AgsSZ,Iran,Bardaskan
Benjamin,Garza,bgarza1t@unc.edu,JfqCwJ,Greece,Pérama
Eugene,Miller,emiller1u@studiopress.com,gYaVJSctm75l,Morocco,Taroudant
Kathryn,Phillips,kphillips1v@google.nl,GpAl2I3XfX,Indonesia,Munduk
Sharon,Nelson,snelson1w@blogtalkradio.com,ScMKPIvIqJK,Argentina,Río Grande
Ryan,Wagner,rwagner1x@live.com,bEOVCprhvFu,Indonesia,Pisangkemeng
Philip,Olson,polson1y@stumbleupon.com,zVG36rdu,Estonia,Suure-Jaani
Maria,Hayes,mhayes1z@nifty.com,4kAyrEt2eNmZ,Indonesia,Beringinjaya
Patrick,Hernandez,phernandez20@tripod.com,F4j9aQxiO4f,Indonesia,Lamatuka
David,Campbell,dcampbell21@bluehost.com,GBSbMy,Norway,Oslo
Diane,Walker,dwalker22@wikispaces.com,wj5gq7A13LE,Peru,Caujul
Donald,Bell,dbell23@issuu.com,imivPsniHxz,Russia,Mikhaylov
Russell,Garrett,rgarrett24@sbwire.com,zgwmkjeKTO,China,Huanghuai
Mary,Harris,mharris25@disqus.com,tja2BBQ,Russia,Khvatovka
Bonnie,Hernandez,bhernandez26@walmart.com,7BEKmH,Colombia,Margarita
Paul,Stone,pstone27@va.gov,AQgV8l8EqHN,Canada,Okanagan
Jason,Bowman,jbowman28@techcrunch.com,L5IFfvTLWnD,Thailand,Lue Amnat
Howard,Dixon,hdixon29@howstuffworks.com,p2WnkER3d,France,Martigues
Kelly,Johnson,kjohnson2a@indiegogo.com,ZntUK6,Thailand,Khao Yoi
Nicholas,Lewis,nlewis2b@timesonline.co.uk,AoJHxMQDzzyC,Mexico,Independencia
Andrea,Patterson,apatterson2c@yelp.com,MF5yZ2FF,China,Yangzhen
Scott,Owens,sowens2d@oracle.com,Ad5Gw6605sR,Japan,Kawage
Samuel,Hughes,shughes2e@multiply.com,CtQvLw8l,Mongolia,Mandal
Brandon,Fields,bfields2f@sbwire.com,ke6j7qXtu,Czech Republic,Třemošnice
Julia,Bowman,jbowman2g@imgur.com,E9zYuU3,China,Kugri
Wanda,Lawson,wlawson2h@accuweather.com,zwdjx2hED,Russia,Yaroslavskaya
Fred,Gardner,fgardner2i@youtube.com,OsHLOOmQXvW,Russia,Nizhnedevitsk
Aaron,Harvey,aharvey2j@hostgator.com,zq4T3Yqr,New Caledonia,Koumac
Maria,Jordan,mjordan2k@linkedin.com,T7TNuP8DPg,China,Hexi
Catherine,Moore,cmoore2l@berkeley.edu,VetYM9YEmyMF,Jordan,Kafr Sawm
Katherine,Bell,kbell2m@blogger.com,yM8DKDVN44z,New Zealand,Tairua
Peter,Torres,ptorres2n@usnews.com,NcDHZXvARZ,Iraq,Kirkuk
Lawrence,Lawson,llawson2o@disqus.com,NJ2ThUi7WE,Russia,Zheleznogorsk
Judith,Frazier,jfrazier2p@cisco.com,uzUsOktQWta7,Saudi Arabia,Al Muwayh
Jean,Oliver,joliver2q@infoseek.co.jp,SwsZk1fiPIqF,China,Dalianhe
Thomas,Martinez,tmartinez2r@businesswire.com,rOW32lyyuk7o,United States,Omaha
Tammy,Oliver,toliver2s@exblog.jp,7GWVDm,China,Xinmin
Paul,Murray,pmurray2t@icio.us,9SsaIvxuhr,Poland,Kortowo
Elizabeth,Gray,egray2u@meetup.com,e7cZvJ,Greece,Áno Kastrítsion
Harry,Allen,hallen2v@wp.com,XT2pTxCSbjk,Mexico,Los Angeles
Martha,Parker,mparker2w@smugmug.com,ZuAkzNt,Portugal,Calvário
Aaron,Bennett,abennett2x@ed.gov,wgLSiFsbg,Philippines,Santa Brigida
David,Woods,dwoods2y@t.co,UZYpAt9pUuj,Czech Republic,Studená
Joan,Howell,jhowell2z@economist.com,xZddG7FuD,Colombia,Sincé
Johnny,Fernandez,jfernandez30@ebay.co.uk,xsNIlj,Indonesia,Tawali
Ernest,Coleman,ecoleman31@ucsd.edu,S8r83hZ4c9,China,Garang
Sara,Walker,swalker32@ucoz.ru,oJcLTf,Argentina,San Miguel de Tucumán
Paula,Stewart,pstewart33@123-reg.co.uk,E3DbdQrDr,China,Shiqiao
Debra,Snyder,dsnyder34@google.it,uEfkK9xQVW3,Poland,Przywidz
Justin,Bowman,jbowman35@upenn.edu,vjitdGI,Myanmar,Nay Pyi Taw
Anna,Hansen,ahansen36@mozilla.org,bD43ehv,Philippines,Guadalupe
Kenneth,Lewis,klewis37@sogou.com,5gfUZXvwqUUf,Philippines,Binubusan
Albert,Lawrence,alawrence38@ovh.net,mBAx78t,Qatar,Al Jumaylīyah
Denise,Jackson,djackson39@dedecms.com,NwJKBr,Portugal,Arneiro
Roy,Porter,rporter3a@tinypic.com,Py0l3ZO,China,Jiangcun
Randy,Washington,rwashington3b@loc.gov,8RDMHWM6Ug,Russia,Tselinnoye
Martin,Oliver,moliver3c@ustream.tv,wvRJm23Kl8f,China,Zongzhai
Catherine,Wheeler,cwheeler3d@netlog.com,HrvscqudPS6,Indonesia,Kubang
Deborah,Collins,dcollins3e@shinystat.com,f563v6jxmyQ,Poland,Wola Rębkowska
Lillian,Austin,laustin3f@webnode.com,ck2FNpwn4cd,China,Panzhuang
Melissa,Burke,mburke3g@upenn.edu,vBcPwiY9oeI,Peru,Miraflores
Susan,Harris,sharris3h@de.vu,FiPzbtL,Norway,Bergen
Jacqueline,Crawford,jcrawford3i@slideshare.net,bZq2ySPV,Ukraine,Verkhniy Rohachyk
Randy,Stone,rstone3j@weather.com,ooUR3Wb0T3,France,La Ravoire
Craig,Oliver,coliver3k@npr.org,ZluAnm6Bh7,Portugal,Andorinha
Christopher,Hunter,chunter3l@engadget.com,tHIYlH6jKM,Indonesia,Wonosari
Joyce,Warren,jwarren3m@buzzfeed.com,1AN6Hh0,China,Jiuchenggong
Chris,Black,cblack3n@cnbc.com,MV3PeTBUq4,Indonesia,Singaraja
Gary,Perkins,gperkins3o@amazon.com,FsKWKSnmmt,Philippines,Baclayon
Cheryl,Murray,cmurray3p@narod.ru,NWbFmVeLO,Germany,München
Steven,Lewis,slewis3q@de.vu,WNFTOhT,Indonesia,Paseh
Eugene,Rivera,erivera3r@uol.com.br,ThUe093IFHqA,France,Bourges
Keith,Gibson,kgibson3s@yahoo.com,qY87c6,Thailand,Nong Ki
Raymond,Stephens,rstephens3t@typepad.com,C6edf5,Nicaragua,El Viejo
Brandon,Howell,bhowell3u@merriam-webster.com,Ea55SMUtgD,Cambodia,Sihanoukville
Janice,Kim,jkim3v@whitehouse.gov,2ynjhhFd,Colombia,Morales
Terry,Kennedy,tkennedy3w@examiner.com,ePkXnV8QB,Slovenia,Puconci
Lisa,Kelley,lkelley3x@wiley.com,B5BcWqptlBU5,China,Shitong
Steven,Hudson,shudson3y@geocities.jp,X8NeuvT,Brazil,Patrocínio
Adam,Wright,awright3z@google.com,HdyjM2BA,China,Xiaozhi
Benjamin,Jenkins,bjenkins40@disqus.com,0UnJ3IJ8y,United States,Brooklyn
Martha,Rice,mrice41@go.com,KImDaafyiVCd,Indonesia,Cilolohan
Anne,Hall,ahall42@quantcast.com,dW18jpn8dlI,Indonesia,Tarub
Stephanie,Gutierrez,sgutierrez43@mozilla.org,VG4lfI5V,Brazil,Esplanada
Bruce,Duncan,bduncan44@baidu.com,6ngIkz7,Ukraine,Luhans’ke
Sarah,Ross,sross45@uiuc.edu,rfyvwXzVmg,France,Lagny-sur-Marne
Brenda,Elliott,belliott46@nps.gov,0Oile5R,Japan,Takatsuki
Donna,Shaw,dshaw47@dagondesign.com,SK7JsuOUDKe6,Sweden,Mölnlycke
Fred,Rogers,frogers48@wix.com,xONi3TolzXue,Sweden,Övertorneå
Keith,Jenkins,kjenkins49@reverbnation.com,6Ze17Z,Argentina,Trancas
Gloria,Wallace,gwallace4a@geocities.jp,1T813O,China,Changyanbao
Jeffrey,Phillips,jphillips4b@dmoz.org,rS0zOZ,Benin,Aplahoué
Jeffrey,White,jwhite4c@yellowpages.com,0vyzUcu,United States,Cincinnati
Rachel,Gomez,rgomez4d@hibu.com,dgkyI2,China,Shangdu
Gloria,Perkins,gperkins4e@ask.com,5q26RIcvvB,Russia,Mshinskaya
Rebecca,Torres,rtorres4f@newsvine.com,LqNYMqiI,Portugal,Monte
Dennis,Hudson,dhudson4g@is.gd,4XRFM9KaCmw,Colombia,Coromoro
Gary,Wallace,gwallace4h@etsy.com,k2PDNj0Gf7u7,Japan,Hadano
Rachel,Ramirez,rramirez4i@zdnet.com,yrQYXvtURf2,Czech Republic,Uherské Hradiště
Carol,Hill,chill4j@pcworld.com,yFUf27,United States,Rochester
Sharon,Henry,shenry4k@friendfeed.com,8uP4emVwME,Cyprus,Yeri
Alice,Freeman,afreeman4l@nih.gov,GobVWoe4,Indonesia,Prapen
Jennifer,Moreno,jmoreno4m@soundcloud.com,2LFkRNddQ,Argentina,Cutral-Có
Jason,Reed,jreed4n@twitter.com,BJlISn57mmN7,China,Xiachu
Martha,Johnston,mjohnston4o@twitter.com,hIGnc6Xmc,Japan,Hikari
Arthur,Ferguson,aferguson4p@auda.org.au,1YGS4d8A5jx,Indonesia,Warungsugan
George,Alexander,galexander4q@independent.co.uk,R7q9JgbZWw,Ukraine,Stepanivka
Todd,Murphy,tmurphy4r@wordpress.com,PH312E,United States,Birmingham
Billy,Ford,bford4s@seesaa.net,AkOoy0xGt3wa,Myanmar,Syriam
Christopher,Armstrong,carmstrong4t@usatoday.com,lktcOa,Portugal,Água de Pau
Beverly,Hamilton,bhamilton4u@census.gov,gog8NftMIpVc,Indonesia,Kertasari
Brian,Hansen,bhansen4v@cornell.edu,i1ZKC7iVcE,Bosnia and Herzegovina,Maglaj
Russell,Harvey,rharvey4w@fastcompany.com,26As18fgV6,Brazil,Luziânia
Judy,Murray,jmurray4x@army.mil,XGMnrPf33KR,Portugal,Vila Maior
Paula,Simmons,psimmons4y@addtoany.com,wNIvCz,Philippines,Guimba
Elizabeth,Foster,efoster4z@fastcompany.com,5jHpM3NCERx,Poland,Wołomin
Phyllis,Armstrong,parmstrong50@oaic.gov.au,CcIvEZ6fQoE,Lebanon,Jezzîne
Ernest,Henderson,ehenderson51@moonfruit.com,YHxW8EPEXTV,Indonesia,Kesugihan
Sean,Carpenter,scarpenter52@ycombinator.com,g5dAARBkEGc,China,Xiangyun
Douglas,Brown,dbrown53@who.int,wcVfU7Rq,China,Xindu
Tammy,Morales,tmorales54@163.com,uNDjuAG6b5Vp,Sweden,Växjö
Nancy,Holmes,nholmes55@diigo.com,HWDpOsglKIX8,Azerbaijan,Quba
Joe,Ward,jward56@digg.com,OaZGPu,Croatia,Vojnić
Jesse,Fernandez,jfernandez57@phoca.cz,t9cMr5HALz,Syria,Al Ma‘baţlī
Henry,Ray,hray58@uiuc.edu,s3nmaZth,France,Orléans
Willie,Burton,wburton59@oakley.com,Ym2CItOv,Armenia,Lanjaghbyur
Christopher,Vasquez,cvasquez5a@chronoengine.com,miR9D51,Russia,Troitsk
Todd,Day,tday5b@apple.com,N3Sd5M95bcDh,United States,Aurora
Russell,Stone,rstone5c@wunderground.com,FKzE5aP3f,France,Strasbourg
Diana,Ryan,dryan5d@sitemeter.com,d9hTgHSIa,Indonesia,Baler Baleagung
Deborah,Mason,dmason5e@flickr.com,ZTrBTbG,China,Qiancheng
Ryan,Fowler,rfowler5f@hugedomains.com,qJL7uaW3G,Japan,Ujiie
Joseph,Arnold,jarnold5g@newsvine.com,bwn2qt3T,China,Baokou
Brenda,Edwards,bedwards5h@bluehost.com,CCfJCyJEhG,Ukraine,Obukhiv
Julie,Meyer,jmeyer5i@discuz.net,bf6m6j,China,Xindeng
Matthew,Ryan,mryan5j@g.co,5u56ZJg,Czech Republic,Javorník
Jennifer,Collins,jcollins5k@google.co.uk,ugY48ReRJO,Poland,Annopol
Arthur,Lawrence,alawrence5l@ezinearticles.com,lyj9ZrPr8A,Portugal,Pereiro
Donald,Roberts,droberts5m@bloglines.com,arjbsz4rizBb,Philippines,Manaulanan
Carol,Bryant,cbryant5n@dmoz.org,r5MJ1g7hOzGE,Russia,Zmiyëvka
Irene,Rice,irice5o@4shared.com,WX3Ka44,Indonesia,Parakanpanjang
Albert,Bradley,abradley5p@mashable.com,guNRsVnR,Czech Republic,Žleby
Richard,Grant,rgrant5q@usatoday.com,kiGn1uv51S9,Portugal,São Torcato
Andrew,Murphy,amurphy5r@thetimes.co.uk,gk9ZWFnGCTEp,Greece,Alepoú
Steven,Cole,scole5s@gov.uk,88DAcBg,Canada,Peterborough
Jacqueline,Henderson,jhenderson5t@plala.or.jp,OeyCuil,Peru,Pucallpa
Aaron,Simmons,asimmons5u@mediafire.com,mF8Y0iU7R,Colombia,Piedras
Gregory,Franklin,gfranklin5v@skyrock.com,nbVWnoY,China,Linquan
Keith,Watson,kwatson5w@irs.gov,h7ItvUh,Ireland,Kilkenny
Martin,Holmes,mholmes5x@timesonline.co.uk,MyWuHWkNDBy,Canada,North Vancouver
Pamela,Wood,pwood5y@state.tx.us,tGnnIT375,Argentina,Curuzú Cuatiá
Joan,Sanchez,jsanchez5z@yelp.com,2K7PQifcczw,France,Rennes
Gregory,Ramos,gramos60@eepurl.com,ZERDLU,Portugal,Alvega
Cynthia,Frazier,cfrazier61@chicagotribune.com,AMRHNjjC0xC,France,Quimper
Julia,Holmes,jholmes62@vistaprint.com,t4elKROl,Pakistan,Shabqadar
John,Harris,jharris63@blogspot.com,nPWVUK4agI6,United States,Honolulu
Judith,Wells,jwells64@noaa.gov,B6uqyRNAW,Armenia,Pemzashen
Judy,Mcdonald,jmcdonald65@bandcamp.com,Fpb1w8,Indonesia,Ngilengan
Dennis,Wells,dwells66@opensource.org,OmSip1T3N,Russia,Borovoy
Ralph,Hall,rhall67@slideshare.net,3e7w6ZYK9,Russia,Tuchkovo
William,Burton,wburton68@facebook.com,LoDG8e,China,Gengcheng
Kenneth,Rogers,krogers69@plala.or.jp,Io0lTt,United States,Chicago
Evelyn,Knight,eknight6a@ted.com,amM0Hacv,Poland,Łyse
Kimberly,Howard,khoward6b@zdnet.com,HaUhx1,Poland,Łubnice
Walter,Andrews,wandrews6c@rambler.ru,WEIh48,China,Shilong
Kenneth,Rose,krose6d@digg.com,8YQevfkVikiF,China,Dongdajie
Amanda,Walker,awalker6e@marriott.com,9jHAT55AHzWn,Philippines,Sabang
Jean,Ryan,jryan6f@hostgator.com,JoIIoLJ89,China,Quzi
Shirley,Diaz,sdiaz6g@hostgator.com,rVeC934bXB,Russia,Gorelovo
Judy,Gilbert,jgilbert6h@blogs.com,AXbQM6vq6liT,Afghanistan,Nahrīn
Martin,Powell,mpowell6i@prweb.com,MlSJgJ,China,Shixian
Julie,Howell,jhowell6j@cpanel.net,a4YfXIlQor,Ukraine,Staryy Krym
Anna,Woods,awoods6k@pen.io,avJW5vQK51k0,Japan,Numazu
Steven,Smith,ssmith6l@sogou.com,DSNTxtMDW,Philippines,Malita
Dennis,Reynolds,dreynolds6m@java.com,g7ekY5,Kiribati,Rawannawi Village
Jennifer,Butler,jbutler6n@imgur.com,74jaSou,Mali,Kidal
Janet,Walker,jwalker6o@unesco.org,vhFWIk2I3Cf,China,Sanlidian
Brenda,Fields,bfields6p@buzzfeed.com,PvPNuikYV8,Colombia,Arauquita
Jesse,Hanson,jhanson6q@domainmarket.com,VejJJdZ,Germany,Köln
Catherine,George,cgeorge6r@huffingtonpost.com,KSNRKaU,France,Marcq-en-Barœul
Shawn,Stephens,sstephens6s@scientificamerican.com,RibJF2fQ,Poland,Bąków
Dennis,Stephens,dstephens6t@china.com.cn,1waykeL9,Mongolia,Dzüünkharaa
Patrick,Duncan,pduncan6u@census.gov,8LHMyLS8xPIV,Bolivia,Tupiza
Kenneth,Ramirez,kramirez6v@seesaa.net,crkGeM4J,Russia,Kinel’-Cherkassy
Jonathan,Torres,jtorres6w@wp.com,HmrSOoZd,China,Gaojian
Antonio,Little,alittle6x@google.es,FyUD7b,Argentina,Rosario
Beverly,Reynolds,breynolds6y@mapquest.com,eT8lghQZMP1,China,Changlu
Ernest,Wallace,ewallace6z@rediff.com,Iy3GskGbO,Mexico,El Porvenir
Janet,Garcia,jgarcia70@vimeo.com,u8R0q41NPPI,Philippines,Talisay
Aaron,Gordon,agordon71@craigslist.org,fQKEd9EIyF,Philippines,Mandaluyong City
Jeffrey,Mcdonald,jmcdonald72@telegraph.co.uk,D9d4jrDV5YqX,Russia,Pervomayskoye
Roger,Gibson,rgibson73@statcounter.com,2SrGtDxs,Poland,Żarnów
Albert,Stanley,astanley74@apple.com,t4j4qVEy0Rk,Poland,Miłosław
Jeremy,Snyder,jsnyder75@mlb.com,yWafb6KHg,Ukraine,Shevchenkove
Lori,Shaw,lshaw76@freewebs.com,Tc7hMkJJ,China,Zhonghuopu
Bruce,Brooks,bbrooks77@weather.com,rSWsAbjflS8,China,Wufu
Frank,Wallace,fwallace78@alexa.com,3tDMMj85xG,Mexico,Los Pinos
Albert,Allen,aallen79@vinaora.com,r01rKTUr0,Armenia,Marmashen
Larry,Grant,lgrant7a@un.org,vsSHpneGE,France,Bordeaux
Kathryn,Olson,kolson7b@prweb.com,7jyUKtGAbh8,China,Yaodian
Gregory,Murphy,gmurphy7c@forbes.com,sgd5Bvo2vDQp,Finland,Koukkuniemi
Jesse,Wells,jwells7d@sciencedirect.com,hcgSj9q,Comoros,Moroni
Patrick,Owens,powens7e@cdbaby.com,yrQ3eviw1MfE,Nigeria,Kachia
Jason,Allen,jallen7f@t.co,rhaEWie4w,Ukraine,Kostyantynivka
Amy,Wheeler,awheeler7g@admin.ch,AZc98HI8XJYt,Russia,Serpukhov
Mildred,Davis,mdavis7h@123-reg.co.uk,ZulRahB,Poland,Dziewin
Amanda,Martin,amartin7i@xrea.com,4vj5Ma,Peru,Olleros
Peter,Burke,pburke7j@dell.com,UlwlN9TGDR,China,Hexi
Helen,Brown,hbrown7k@blogspot.com,DdnJIY,Belarus,Pinsk
Lillian,Chapman,lchapman7l@amazon.co.jp,Bc5FGrW6,China,Dongba
Kathryn,Reid,kreid7m@weibo.com,6aW5ZnGG,Western Sahara,Laâyoune / El Aaiún
Joyce,Palmer,jpalmer7n@wikipedia.org,TnGOzU,Japan,Tondabayashichō
Kathleen,Ortiz,kortiz7o@latimes.com,Dfk6bbkOhn,Egypt,Talā
Rebecca,Johnson,rjohnson7p@upenn.edu,uQtGs6WMgPx,China,Jiguan
Lisa,Perkins,lperkins7q@comsenz.com,MToVxM1mCg3v,United States,Cedar Rapids
Thomas,Wright,twright7r@mashable.com,3uR3zP,Indonesia,Wangkung
Bobby,Stephens,bstephens7s@theatlantic.com,p4iFG5,France,Agen
Louise,Ramirez,lramirez7t@paypal.com,pGi0Rc,Greece,Kalá Déndra
Philip,Foster,pfoster7u@imdb.com,HaUYknW,Iceland,Vogar
Janet,Evans,jevans7v@yahoo.com,yoDieU,Tajikistan,Norak
Judy,Ortiz,jortiz7w@nymag.com,B0oHL61pMG9,Czech Republic,Chlumčany
Philip,Frazier,pfrazier7x@amazonaws.com,lmO659b3GK,Philippines,Cabalawan
Kathryn,Gray,kgray7y@1und1.de,YNcyr6,Nigeria,Nsukka
Bonnie,Snyder,bsnyder7z@mlb.com,BbV04qkp0,China,Quangang
Fred,Mccoy,fmccoy80@forbes.com,4QtrFB,Indonesia,Padangulaktanding
Angela,Rivera,arivera81@amazonaws.com,0M3e6EP9GS,Tunisia,Al Baqāliţah
Frank,Fisher,ffisher82@dropbox.com,bX1d04RiPlj,Venezuela,Barbacoas
Jean,Williamson,jwilliamson83@artisteer.com,ziZon3pp,Portugal,Retorta
Anna,Hunter,ahunter84@army.mil,qDfkWTH2faN,Peru,Pampachiri
Ronald,Turner,rturner85@etsy.com,vvbndeFJB1,Peru,Cabanilla
Patricia,Dunn,pdunn86@elegantthemes.com,1gMSpBPJpn,Bosnia and Herzegovina,Brka
Willie,Morgan,wmorgan87@behance.net,IzsIjuQOH,Indonesia,Sepanjang
Rachel,Simpson,rsimpson88@miibeian.gov.cn,VKOiHuLh6,China,Qiaosi
Benjamin,Ramos,bramos89@sciencedirect.com,5yW4yleAO,Cape Verde,Tarrafal de São Nicolau
Betty,Moreno,bmoreno8a@cdc.gov,qozuIazKuQ,Sweden,Luleå
Sandra,Graham,sgraham8b@stumbleupon.com,yTuOigDgNdN,Indonesia,Utarapasar
Ronald,Rodriguez,rrodriguez8c@tripod.com,z7xAYQv,France,Agen
Emily,Woods,ewoods8d@senate.gov,rLJFlMoO8Ms,Poland,Głubczyce
Janet,Arnold,jarnold8e@cyberchimps.com,uh5m2rkeEmK,China,Yinyang
Brenda,Black,bblack8f@sbwire.com,wsbD7u6,Canada,Clarence-Rockland
Walter,Hill,whill8g@upenn.edu,hh0eYVx1YtO,China,Xi’an
Walter,Hudson,whudson8h@1688.com,YmIC7yikfQ,Canada,Morris
Julia,Wells,jwells8i@un.org,DaeDNI6ba,Somalia,Baidoa
Paula,Porter,pporter8j@dion.ne.jp,T4eCGNYpuV,Poland,Maszewo Duże
Christine,Hansen,chansen8k@ox.ac.uk,i4P1vYeElPf,Palestinian Territory,Jayyūs
Jerry,Reid,jreid8l@chronoengine.com,ad44YQnWNo,Greece,Khiliomódhi
Charles,Franklin,cfranklin8m@ucoz.com,3vLMOYxkrv,Thailand,Taphan Hin
Louise,King,lking8n@phoca.cz,tSpg0CwoTObx,China,Baisangguan
Frances,Chapman,fchapman8o@prnewswire.com,e8Dtgq,Indonesia,Wonorejo Dua
Jessica,Daniels,jdaniels8p@linkedin.com,eIoX5fcHVrJI,Indonesia,Watublapi
Ruby,Williams,rwilliams8q@omniture.com,hjt0pKOC9ocG,Slovenia,Hrib-Loški Potok
Helen,Bishop,hbishop8r@live.com,IPt8ne57,Peru,Ferreñafe
Andrea,Gordon,agordon8s@ca.gov,N2uPbLR651yf,Russia,Novoanninskiy
Howard,Hall,hhall8t@t-online.de,vVFOegpJTy,Greece,Lárdos
Donna,Ryan,dryan8u@twitpic.com,brjeYsos6F2,Central African Republic,Ndélé
Brian,Carroll,bcarroll8v@ucsd.edu,pzSu65P7,Brazil,Videira
Robert,Duncan,rduncan8w@linkedin.com,KZbQaC0Ex,Sweden,Stockholm
Amy,Harrison,aharrison8x@auda.org.au,qtmX4VEepMR,Syria,Sinjār
Sharon,Reynolds,sreynolds8y@npr.org,8ITR6B4iVAl,France,Chantilly
Randy,Daniels,rdaniels8z@webs.com,8THCcJVCcWHF,Poland,Czerwionka-Leszczyny
Johnny,Armstrong,jarmstrong90@a8.net,PF0gWuErE2,Ukraine,Yelyzavethradka
Brenda,Nelson,bnelson91@cnbc.com,pmBmHJMkLT,China,Zhongxin
Kathryn,Edwards,kedwards92@bigcartel.com,llai0PMN,Philippines,Balayan
Raymond,Hunter,rhunter93@dailymotion.com,bL039A,Indonesia,Cibangban Girang
Christina,Rose,crose94@census.gov,TwlFeB,Brazil,Guanambi
Joan,Campbell,jcampbell95@discovery.com,YSVM7l7h4,Portugal,Fajã de Cima
Virginia,Rice,vrice96@pcworld.com,OpXlqX,South Africa,Ventersburg
Patrick,Frazier,pfrazier97@chicagotribune.com,IuI89WWn7,Afghanistan,Ghormach
Henry,Bell,hbell98@flavors.me,xgAMnazgl,United States,Wichita
Sean,Palmer,spalmer99@liveinternet.ru,SLgQKHk,Ukraine,Novyy Svit
Joyce,Duncan,jduncan9a@taobao.com,yPMA16,France,Voiron
Donna,Ward,dward9b@usnews.com,v3F3uAu,Brazil,Bela Vista
Benjamin,Johnston,bjohnston9c@barnesandnoble.com,13ICfG491,Zimbabwe,Chegutu
Judy,Ryan,jryan9d@geocities.jp,SsJzLF,Indonesia,Semuda
Adam,Weaver,aweaver9e@histats.com,mqYOhAGbpNy,Canada,Sussex
William,Gray,wgray9f@huffingtonpost.com,G9lgTG6b0h,Malaysia,Pulau Pinang
Andrea,Evans,aevans9g@examiner.com,uVZ9ioW53HGa,Colombia,Marinilla
Ralph,Carr,rcarr9h@cam.ac.uk,J7lUUyn,China,Binzhou
Denise,Holmes,dholmes9i@scribd.com,0IZwIjGNcg,Russia,Shirokaya Rechka
Nicholas,Griffin,ngriffin9j@ox.ac.uk,kzRVF0oR,China,Shanghuang
Frances,Harper,fharper9k@forbes.com,Gh1fTv,Sweden,Danderyd
Bobby,Lynch,blynch9l@multiply.com,pFrnh6mloGgk,Panama,Los Boquerones
Emily,Patterson,epatterson9m@unesco.org,1GH1TcRCDRM,Palestinian Territory,Al Majd
Jeremy,Warren,jwarren9n@skyrock.com,fsv5dk991a,Brazil,Maraial
Gregory,Stanley,gstanley9o@springer.com,sPmrp6UB,Indonesia,Banjarsari
Emily,Mason,emason9p@cloudflare.com,EKT37kCcR,Thailand,Trang
Donald,Bell,dbell9q@wunderground.com,X7EqIMa,Japan,Kazo
Tina,Garcia,tgarcia9r@jalbum.net,uivDCAOM,China,Zhonghe
Ruby,Dunn,rdunn9s@comsenz.com,DTvLZw,Indonesia,Babakan
Michelle,Lee,mlee9t@irs.gov,51Iloyarx,Mexico,Francisco Villa
Dennis,Gonzalez,dgonzalez9u@ezinearticles.com,N0NFYmI9ws1,Guatemala,San Bartolomé Milpas Altas
Rose,Wright,rwright9v@macromedia.com,ON0xkRZ,Indonesia,Mekarsari
Maria,George,mgeorge9w@cdc.gov,jtDwMyD,Sweden,Uppsala
Beverly,Simpson,bsimpson9x@istockphoto.com,o67CoUAv,Peru,San Juan
Brandon,Wagner,bwagner9y@ask.com,cgR3b4,China,Huangshi
Billy,Gibson,bgibson9z@uol.com.br,Rv9eeK4Y,Honduras,Zamora
Ruby,Edwards,redwardsa0@storify.com,43kF9BmN,Indonesia,Utarapasar
Amanda,Webb,awebba1@prnewswire.com,kPabaXZk,Mexico,Magisterial
Phillip,Porter,pportera2@51.la,XKdX2Qxn,Russia,Khvatovka
Wanda,Crawford,wcrawforda3@hao123.com,KSzVV9t,China,Boji
Ralph,Reid,rreida4@bbc.co.uk,4Ufti9,Indonesia,Banyumas
Todd,Hall,thalla5@ebay.com,WTQHgpgNSm33,Spain,Santiago De Compostela
Jeremy,Brown,jbrowna6@taobao.com,N5wywf,China,Lincheng
Norma,Rivera,nriveraa7@mail.ru,jBYFpPZNWHU,Russia,Nyurba
Helen,Kelley,hkelleya8@zimbio.com,u8r9mAjrwA,Nauru,Anabar
Harry,Ray,hraya9@dion.ne.jp,7KbbMIr,Malaysia,Kuala Terengganu
Jean,Simmons,jsimmonsaa@issuu.com,4Gp7DX,Poland,Małkinia Górna
Lois,Franklin,lfranklinab@hibu.com,Bq0xLhm,Saudi Arabia,Al Muwayh
Denise,Diaz,ddiazac@desdev.cn,Bk9M36L,Netherlands,Zwolle
Tina,Snyder,tsnyderad@imgur.com,nOG12j7cRYM,Ukraine,Netishyn
Phyllis,Nelson,pnelsonae@quantcast.com,q7lwHEGHV0,France,Villefontaine
Craig,Sims,csimsaf@hexun.com,l1GFhVfywy7,Sweden,Falun
Anthony,Wallace,awallaceag@storify.com,YwStibC,Afghanistan,Uruzgān
Earl,Powell,epowellah@godaddy.com,HVhDTv9itU,China,Litian
Shirley,Fisher,sfisherai@youku.com,sOPa6OR9bM,China,Huiqi
Kathryn,Jordan,kjordanaj@hc360.com,kbzAglX,Indonesia,Sukasari
Jeffrey,Cunningham,jcunninghamak@google.co.jp,uI5PbVbRVR,Poland,Bolszewo
Jean,Bradley,jbradleyal@foxnews.com,lxCZ8de,Sweden,Mölndal
Terry,Nelson,tnelsonam@slideshare.net,wXylCbAdS,Indonesia,Binangun
Diana,Allen,dallenan@jigsy.com,LVo37hXa,Portugal,Tojeira
Charles,Anderson,candersonao@bbc.co.uk,p7F0hPj,Russia,Likino-Dulevo
Jonathan,Gutierrez,jgutierrezap@cnn.com,d76gwjZG4Z,Philippines,Pandasan
Benjamin,Edwards,bedwardsaq@dmoz.org,Fig5aLzNG,Sweden,Älvängen
Judy,Henderson,jhendersonar@wired.com,YCMjqggxoemN,China,Maoyang
Christine,Griffin,cgriffinas@myspace.com,ptgzL1YA4p,China,Shangganshan
Clarence,Martin,cmartinat@dell.com,dkGQC58jflZ5,Portugal,Vilela
Evelyn,Harrison,eharrisonau@berkeley.edu,yHqcmslQuaJ,China,Longhua
William,Ford,wfordav@typepad.com,c9DNKNsqGJRW,China,Baoxu
Victor,Davis,vdavisaw@dropbox.com,X0YzMiwFLcc,Syria,‘Awaj
Andrew,Elliott,aelliottax@odnoklassniki.ru,fBabhx9sv2,Thailand,Chumphon
Katherine,Young,kyoungay@huffingtonpost.com,CiT4vX,Canada,Powassan
Scott,Collins,scollinsaz@newsvine.com,2NtuUlwS8r,Russia,Izvestkovyy
Jerry,Peters,jpetersb0@yelp.com,Xcbuxp90sV,China,Xiaochuan
Frank,Cruz,fcruzb1@digg.com,UFFh6tZwR,Brazil,Estância
Alan,Hicks,ahicksb2@hao123.com,5HBT8lYi3nO8,Brazil,Pimenta Bueno
Kelly,Greene,kgreeneb3@chron.com,8RKEF7MSBM,Colombia,Cotorra
Howard,Simpson,hsimpsonb4@spiegel.de,wLrnTEX,Indonesia,Rancabelut
Catherine,Porter,cporterb5@japanpost.jp,apMeB8,China,Yanping
Michelle,Lawrence,mlawrenceb6@craigslist.org,26qBtt,Thailand,Sena
Beverly,Nichols,bnicholsb7@odnoklassniki.ru,Uh6qrEi,Philippines,Talangnan
Helen,Lopez,hlopezb8@bbb.org,QcYzncGG,Western Sahara,Laâyoune / El Aaiún
Deborah,Gordon,dgordonb9@amazon.de,PrKmnkM,China,Didou
Albert,Hart,ahartba@slideshare.net,N4SN2s9VErtQ,Thailand,Sida
Edward,Bishop,ebishopbb@ebay.com,K9GiKTYKvz6,Hungary,Budapest
Joseph,Adams,jadamsbc@alibaba.com,EFjAadV,United States,Oklahoma City
Amy,Peterson,apetersonbd@miitbeian.gov.cn,gG7q2vb1LQX,China,Xihuachi
Marie,King,mkingbe@seattletimes.com,zmrXp9,Philippines,Damawato
Laura,Cunningham,lcunninghambf@noaa.gov,PccCXLgA,Philippines,Claver
Helen,Kelly,hkellybg@bigcartel.com,M7aj49,Brazil,Sabinópolis
Joe,Ward,jwardbh@reverbnation.com,B34yJton,Indonesia,Lawonda
Deborah,Scott,dscottbi@amazon.co.uk,rC2St84G,Russia,Pushkinskiye Gory
Steve,Anderson,sandersonbj@prweb.com,qGXlt9sjy5O,Dominican Republic,Bayaguana
Bruce,Thompson,bthompsonbk@webmd.com,ch7WI5LcpSY,Russia,Semibratovo
Wayne,Willis,wwillisbl@shop-pro.jp,PeYe6xf7,Russia,Berëzovskiy
Steve,Mendoza,smendozabm@prweb.com,FBVOKPeFCSS,Togo,Vogan
Jane,Lawrence,jlawrencebn@slideshare.net,ZbcFlf6lfkVf,Peru,Turpo
Kenneth,Banks,kbanksbo@ameblo.jp,P6ZfA90aj9q5,Panama,Río de Jesús
Phyllis,Sullivan,psullivanbp@tamu.edu,D676bS,Ukraine,Zaozerne
Evelyn,Thompson,ethompsonbq@economist.com,fO5Cfl3J,Canada,Ponoka
Mildred,Carr,mcarrbr@weibo.com,dYcOaa0J9R,Ukraine,Lyakhovtsy
John,Owens,jowensbs@friendfeed.com,tc141QfddynJ,China,Shitouhe
Johnny,Carter,jcarterbt@alibaba.com,WHLdz6TTc3lW,Indonesia,Kayan Hulu
Eugene,Stanley,estanleybu@joomla.org,oOBHdd0,China,Xinli
Diana,Cook,dcookbv@smugmug.com,7Lr7UUr,Tanzania,Tukuyu
Russell,Graham,rgrahambw@boston.com,0EOLSB4V,China,Wangwu
Tammy,Jacobs,tjacobsbx@alexa.com,8BUz9kerBqjQ,Philippines,Longos
Frances,Mitchell,fmitchellby@nytimes.com,GWUwxANRQ6r,China,Xiaozhi
Denise,Perry,dperrybz@123-reg.co.uk,n4eKho,Portugal,Odemira
Barbara,Sanders,bsandersc0@symantec.com,jjZkpKjqXy,Indonesia,Cipanggung
Kimberly,Richardson,krichardsonc1@lulu.com,DD3gqUIC9zTr,Philippines,Valencia
John,Owens,jowensc2@china.com.cn,8uOHTpz,Tunisia,Menzel Abderhaman
Nicholas,Richardson,nrichardsonc3@163.com,UvvxzKtNMQtw,Thailand,Phutthaisong
Adam,Moreno,amorenoc4@opera.com,yTtn6oWCd,China,Baisha
Maria,Coleman,mcolemanc5@nasa.gov,Er2cCTH61,China,Guiping
Jacqueline,Clark,jclarkc6@51.la,PIyhTPnRgEz,Australia,Hobart
Angela,Bishop,abishopc7@altervista.org,0KqufJ,Poland,Opoczno
Virginia,Bell,vbellc8@amazon.co.jp,QUsdU14,United States,Carson City
Ralph,Baker,rbakerc9@blogtalkradio.com,0i6QRRhUik8Q,China,Wufu
Anna,Cooper,acooperca@cornell.edu,yfBMaALVHqq,Sweden,Vårby
Ruth,Chapman,rchapmancb@weibo.com,JpxqZ1KRxOVu,Russia,Nyandoma
Sarah,Riley,srileycc@amazonaws.com,YzaVXBXwog,Argentina,Allen
Julia,Roberts,jrobertscd@state.tx.us,kWyFyz,Indonesia,Lasehao
Virginia,Riley,vrileyce@sohu.com,JGL6oRvpe,China,Longchiqiao
Sean,Harvey,sharveycf@ustream.tv,xqyHeLWtLm,Indonesia,Ayamaru
Patricia,Kelley,pkelleycg@yahoo.com,ps56owZPkqb,Argentina,Villa Nueva
Willie,Howard,whowardch@flickr.com,TeTTZ93tg,New Zealand,Waitakere
Evelyn,Gordon,egordonci@youtu.be,Jd0eDsq57,Indonesia,Fatuhilik
Heather,Murray,hmurraycj@printfriendly.com,56sBa6atm1wd,Philippines,Dagupan
Alice,White,awhiteck@spiegel.de,7DQGxusTavn,Venezuela,Barrancas
Rose,Duncan,rduncancl@edublogs.org,6VUtWarwa,Madagascar,Ambatolaona
Maria,Harrison,mharrisoncm@cloudflare.com,Ne8xGz,China,Huaguoshan
Benjamin,Myers,bmyerscn@about.me,ji2zznGv6S,Argentina,Gálvez
Phillip,Miller,pmillerco@google.com.hk,yUGR9v,Peru,Oropesa
Donald,Welch,dwelchcp@last.fm,sJh1Xf,South Africa,Swellendam
David,Ray,draycq@phpbb.com,joyrD0,China,Shanglian
James,Davis,jdaviscr@sphinn.com,70RYCZw,United States,Houston
Betty,Morales,bmoralescs@altervista.org,2GaF2wN1WLAd,Uruguay,Santiago Vázquez
Barbara,Woods,bwoodsct@blogtalkradio.com,9mQ6RmX5lcv,Portugal,Vale de Figueira
Christopher,Gray,cgraycu@ihg.com,9OlXka,Malta,Żabbar
Janet,Marshall,jmarshallcv@wikispaces.com,loeZp8MiWcUb,Macedonia,Куклиш
Evelyn,Stanley,estanleycw@wix.com,iDzT3Z48q0B,China,Tucheng
Patrick,Russell,prussellcx@booking.com,vUpyjkxX,Indonesia,Mandepa Barat
Howard,Watson,hwatsoncy@tmall.com,tlTZIIfZsqLB,China,Yuqi
Philip,Medina,pmedinacz@craigslist.org,UxQI17Osjzt6,Brazil,Bebedouro
Ruth,Ross,rrossd0@cdc.gov,91DYlX0TQNIV,Canada,Adstock
Mary,Dixon,mdixond1@rambler.ru,RE3zQT,Ukraine,Kuchurhan
Keith,Welch,kwelchd2@hibu.com,48NoDdGog9,Poland,Knurów
Marilyn,Simmons,msimmonsd3@histats.com,TGrdBI,Cameroon,Manjo
Sara,Burns,sburnsd4@jigsy.com,S7oyFKkh5B0R,Indonesia,Sukacai Tengah
Alice,Olson,aolsond5@washingtonpost.com,0GlMQAfruJq,Canada,Lac-Brome
Roger,George,rgeorged6@hao123.com,iLwFZT4TXA,Tokelau,Fale old settlement
Linda,Stevens,lstevensd7@redcross.org,0Bsa3dejBfI,Uruguay,Belén
Anthony,Allen,aallend8@pbs.org,s3EJoYbTv,Poland,Kaniów
Robert,Ruiz,rruizd9@godaddy.com,1DHJUw,Indonesia,Kokar
Wanda,Griffin,wgriffinda@cocolog-nifty.com,zzwbtiTmUeL,Sweden,Västra Frölunda
Steven,Berry,sberrydb@goo.gl,sJmyqx,Mexico,Niños Heroes
John,Olson,jolsondc@virginia.edu,6ZJqJ9x,China,Wangchang
Sean,Roberts,srobertsdd@wiley.com,eQpegFX4aLO,Sweden,Täby
Antonio,Henderson,ahendersonde@sciencedaily.com,dPUvORrjba,France,Lille
Richard,Wheeler,rwheelerdf@csmonitor.com,H8v9RAUOxEG,Poland,Komorniki
Julia,King,jkingdg@wp.com,kLVIbB72nWz,Iran,Pīshvā
Sandra,Martinez,smartinezdh@nymag.com,ww8RbfB9Ck4z,China,Huagu
Jessica,Myers,jmyersdi@gmpg.org,rHreJB,Germany,Berlin
Howard,Webb,hwebbdj@archive.org,ommMGAk,Czech Republic,Loučeň
Deborah,Gonzales,dgonzalesdk@fotki.com,Kt8LE2MFra,China,Anxi
Kenneth,Ferguson,kfergusondl@zimbio.com,Wnx2s7XA,Indonesia,Karangnongko
Joan,Franklin,jfranklindm@berkeley.edu,Rsufcnn7ADN1,Poland,Sędziejowice
Alice,Sanders,asandersdn@behance.net,wfBlZ1,Russia,Shatalovo
Martha,Martinez,mmartinezdo@house.gov,q9mbSkBVQ,Philippines,Biga
Willie,Brooks,wbrooksdp@woothemes.com,Rpw2uHUjJgu,Indonesia,Ladan
Bobby,Stone,bstonedq@marriott.com,273MUlHDPoNT,Indonesia,Banjar Geriana Kangin
Stephanie,Watkins,swatkinsdr@fotki.com,bQnbEWyo8mS,China,Shatian
Tammy,Morrison,tmorrisonds@rambler.ru,znbtxUcm1O,France,Rouen
Brandon,Murphy,bmurphydt@wix.com,Kpg5nbT,Czech Republic,Hronov
Virginia,Bishop,vbishopdu@cocolog-nifty.com,Er3xhfOJ5,Brazil,Penedo
Scott,Gardner,sgardnerdv@joomla.org,yMKiTnfrY,China,Chuandao
Henry,Elliott,helliottdw@infoseek.co.jp,3QWIFDly,Sri Lanka,Talawakele
Albert,Kelley,akelleydx@blogspot.com,ymrFO5OWipfm,Sweden,Oxelösund
Joyce,Webb,jwebbdy@accuweather.com,lo2yrB,Greece,Yiánnouli
Gerald,Gibson,ggibsondz@reuters.com,z0cz12W,China,Xingang
Walter,Castillo,wcastilloe0@dyndns.org,4sayxBA,United States,Frankfort
Mary,Hamilton,mhamiltone1@intel.com,LJJtQG0,Japan,Tanabe
George,Gutierrez,ggutierreze2@deliciousdays.com,3ufLyMf,Sweden,Norrköping
Lois,Cox,lcoxe3@exblog.jp,RfL1kjeX,Colombia,Pital
Robin,Porter,rportere4@pagesperso-orange.fr,gANgEXcJR,Ecuador,Loja
Ruth,Mcdonald,rmcdonalde5@webs.com,YTJpkfOlG,China,Zhangjiang
Lois,Lane,llanee6@senate.gov,b8LyGck,China,Qamdo
Sean,Griffin,sgriffine7@google.es,3fTbAMGao,China,Xiabao
Louise,Wood,lwoode8@blog.com,vdfoYC1pa,Philippines,Placer
Anthony,Hernandez,ahernandeze9@biblegateway.com,FEtFFV,Micronesia,Moch
Patricia,Stone,pstoneea@gravatar.com,vcxMZZM,United States,Jackson
Phillip,Cook,pcookeb@bloglovin.com,696Fgr8S97jr,Greece,Prómachoi
Amanda,Ellis,aellisec@webnode.com,C3fr4L,Iran,Khalkhāl
Alice,Castillo,acastilloed@godaddy.com,rEjB4ko9yYqR,Poland,Malec
Denise,Wallace,dwallaceee@cornell.edu,nY6hbAr,Indonesia,Bangunsari
Christina,Hawkins,chawkinsef@last.fm,SjVgHoKq54V,Russia,Saint Petersburg
Philip,Johnston,pjohnstoneg@delicious.com,JoR69lrfK,Indonesia,Kasui
Lawrence,Larson,llarsoneh@dmoz.org,3CEo6Ski7,Russia,Ramenki
Marilyn,Cooper,mcooperei@scribd.com,JI72Lj8iAzb,Ukraine,Vodyane
Nancy,Turner,nturnerej@g.co,umPZPkKK,Malaysia,Kota Kinabalu
Billy,Robertson,brobertsonek@theatlantic.com,4ykjUoQpd1Gn,Brazil,Dois Córregos
Scott,Hicks,shicksel@indiatimes.com,U59GGT,Indonesia,Tangkilsari
Keith,Wright,kwrightem@seattletimes.com,1ax6p75A,Somalia,Jilib
Elizabeth,Harrison,eharrisonen@list-manage.com,Gn5zD0xJ,Russia,Podstepki
Peter,Allen,palleneo@skype.com,mgfqAaAc9,Russia,Uzlovaya
Wanda,Russell,wrussellep@cdbaby.com,V6Ip6pw,Mexico,Reforma
Lillian,Henry,lhenryeq@house.gov,q9nIr6PHn,China,Nansha
Brian,Parker,bparkerer@unesco.org,fSUsXK7,China,Jiayi
Amy,Roberts,arobertses@people.com.cn,4XhbvrXrgH,Palestinian Territory,Khursā
Heather,Hudson,hhudsonet@furl.net,X4FPfOnJ6YN,Poland,Wielka Nieszawka
Christopher,Chavez,cchavezeu@canalblog.com,ivJBKxxf,Peru,Asia
Keith,Perez,kperezev@nature.com,7uQlFGrl1E,Bolivia,La Cueva
Christine,Simmons,csimmonsew@edublogs.org,rBIcVHzDDi8,Belarus,Konstantinovo
Evelyn,Garza,egarzaex@bbb.org,CNwr2FlIYi,South Africa,Sundumbili
Ashley,Hunt,ahuntey@free.fr,TnXkEU,Indonesia,Leramatang
Gloria,Mitchell,gmitchellez@cyberchimps.com,toCeiP6,Indonesia,Poja
Kathy,Frazier,kfrazierf0@virginia.edu,oFG5VFr,Russia,Krutinka
Todd,Crawford,tcrawfordf1@timesonline.co.uk,M6RJe9a,Japan,Shisui
Gary,Chapman,gchapmanf2@1und1.de,yCgiueW63Gd,Indonesia,Sruni
Michael,Hudson,mhudsonf3@forbes.com,qlK723vaEiU,Poland,Konstantynów
Anthony,Miller,amillerf4@prnewswire.com,twqzDOAg,China,Furongqiao
Christine,Castillo,ccastillof5@mozilla.com,UgKcTNQR98,Nigeria,Jibiya
Cheryl,Mendoza,cmendozaf6@japanpost.jp,xxY0y8AfPu,Peru,Pajarillo
Emily,George,egeorgef7@feedburner.com,RFMo13ldkaXG,Colombia,Acevedo
Nancy,Harvey,nharveyf8@squarespace.com,u84e5lwkg,Philippines,Banayoyo
Jacqueline,Riley,jrileyf9@zimbio.com,GrOJNGX,China,Gaoyu
Kevin,Johnson,kjohnsonfa@indiatimes.com,OT4rvFbMDRP,Brazil,Mogi das Cruzes
Dennis,Simmons,dsimmonsfb@globo.com,L4Jd7jCxgy,China,Xihe
Dorothy,Lewis,dlewisfc@hatena.ne.jp,e075AbZH,Ireland,Clondalkin
Brian,Collins,bcollinsfd@ameblo.jp,Tn6zuFCgSP,China,Laojie
Evelyn,Sullivan,esullivanfe@narod.ru,pMNpxT,Poland,Zgłobień
Kathleen,Ramos,kramosff@cam.ac.uk,RBhHpSyKJtju,Philippines,Talabaan
Chris,Williamson,cwilliamsonfg@pagesperso-orange.fr,wiFlhn84Q65,Norway,Ulset
Maria,Cruz,mcruzfh@360.cn,Z7agVgosld0,Indonesia,Nagrog Wetan
Kenneth,Turner,kturnerfi@mlb.com,Mtpg5Yc,Japan,Umi
Roger,Cooper,rcooperfj@geocities.jp,adF825,Central African Republic,Gambo
Harry,Moreno,hmorenofk@freewebs.com,bCN6wL,Malaysia,Kuala Terengganu
Judy,Lopez,jlopezfl@buzzfeed.com,lh8lf7WJCBjd,Iraq,Rāwandūz
Justin,Hunt,jhuntfm@ucoz.ru,zmaW4XtzSI5l,China,Youfang
Brandon,Wright,bwrightfn@icio.us,t6M7kvXoXw,Portugal,Antanhol
Richard,Lawson,rlawsonfo@nih.gov,K76OQrdeRD,China,Ercheng
Katherine,Bradley,kbradleyfp@ucla.edu,BhF47ivX7,Ukraine,Novoselitsa
Laura,Freeman,lfreemanfq@behance.net,OVKTvQGC4hfk,Chile,Concepción
Scott,Howard,showardfr@miitbeian.gov.cn,HaK27n6iV,Vietnam,Thị Trấn Nho Quan
Jason,Oliver,joliverfs@ow.ly,9Rr3KDrRo,Sweden,Vänersborg
Betty,Berry,bberryft@wikia.com,CX60op5u,Ukraine,Kryvyy Rih
Robin,Weaver,rweaverfu@facebook.com,uis8oVVDz,South Africa,Potchefstroom
Kevin,Walker,kwalkerfv@dailymail.co.uk,uaErGgh9HSRE,China,Longtang
Karen,Allen,kallenfw@altervista.org,zY6qM17zup2,Peru,Coishco
Fred,Weaver,fweaverfx@gnu.org,CCRbT1W,Thailand,Phichit
Kelly,Hansen,khansenfy@studiopress.com,ZmVWnnFZs7P,Sweden,Göteborg
Donna,Collins,dcollinsfz@topsy.com,Z8K0EMy8K,Finland,Kinnula
Wanda,Gomez,wgomezg0@homestead.com,qnQQ9M,Morocco,Tiznit
James,Cook,jcookg1@yelp.com,whuD4c,Indonesia,Litibakul
Shirley,Robertson,srobertsong2@gmpg.org,0CP5xeb9Nhs8,Thailand,Sirindhorn
Henry,Vasquez,hvasquezg3@unesco.org,6IHbTP,Sweden,Tullinge
Kevin,Brooks,kbrooksg4@drupal.org,SJok9K4,Philippines,Mataya
Robert,Dixon,rdixong5@blogs.com,Gke8TzF,Peru,Bajo Pichanaqui
Johnny,Nichols,jnicholsg6@fema.gov,oGLWszdFrl,Indonesia,Cikendi
William,George,wgeorgeg7@adobe.com,HPs8H9jzAfvx,Ukraine,Biryukove
Angela,Hall,ahallg8@etsy.com,QHuEAI,United States,Fort Pierce
Kevin,Harvey,kharveyg9@g.co,mG8QpgFdcH,United States,Tulsa
Steven,King,skingga@multiply.com,gls1EvAAp,France,Paris 14
Virginia,Daniels,vdanielsgb@washington.edu,7XIjHIgO,Indonesia,Sebedo
Fred,Stephens,fstephensgc@flickr.com,whLTuv,Cuba,Jovellanos
Matthew,Jenkins,mjenkinsgd@sun.com,sTe6EGYeRP,Russia,Vanino
Adam,Williamson,awilliamsonge@yahoo.co.jp,jtR1U0,Uganda,Ntungamo
Kathleen,Russell,krussellgf@ft.com,RIzWsllGaqE,Indonesia,Baru Timur
Carolyn,Ford,cfordgg@merriam-webster.com,jo0o2WEMoNZ,Japan,Atsugi
Linda,Larson,llarsongh@xrea.com,7i437uilRW,Ukraine,Kuznetsovs’k
Sandra,Lee,sleegi@stanford.edu,cqYzCxDZL,Nigeria,Igbor
Peter,Murray,pmurraygj@people.com.cn,tBegNgiJV8,Indonesia,Halteu
Carlos,Walker,cwalkergk@aol.com,qGmj7h6Cky,Ukraine,Skalat
Aaron,Ortiz,aortizgl@cdbaby.com,j1TrvUbc,Brazil,Boca do Acre
Brenda,Garcia,bgarciagm@issuu.com,SP04dPoJQqg,China,Xihongmen
Aaron,Fox,afoxgn@a8.net,fPNAEts0,Czech Republic,Dolní Sloupnice
Douglas,Cook,dcookgo@mlb.com,e1MFSpN8MOt,China,Qijing
Sean,Sanchez,ssanchezgp@posterous.com,RgmQyk2guIhl,Pakistan,Hāla
Adam,Lopez,alopezgq@theguardian.com,yqYxsnWOhmx,China,Shaozhai
Jose,Robinson,jrobinsongr@constantcontact.com,mxSyHC,Indonesia,Cermee
Bobby,Welch,bwelchgs@google.com.hk,Xtg7wlYI8,China,Nandu
Jessica,Bell,jbellgt@latimes.com,WB2VWlanEqNh,Argentina,Río Tercero
Steve,Peters,spetersgu@goo.ne.jp,sRmY21wN,China,Jishi
Louise,Hamilton,lhamiltongv@hostgator.com,hIjspt,Indonesia,Citeureup
Rose,Hicks,rhicksgw@engadget.com,j6xe5afj,Argentina,Wenceslao Escalante
Jennifer,Schmidt,jschmidtgx@google.es,eNHNkSy,Philippines,Libato
James,Rodriguez,jrodriguezgy@ezinearticles.com,d2wWLT7,China,Hema
Mark,Graham,mgrahamgz@vk.com,TpFdz1wuJ,France,Chantilly
Norma,Reid,nreidh0@wp.com,mXZhEqQS5d6,Colombia,Puerto Santander
Eric,Turner,eturnerh1@livejournal.com,DAt79vcI4vfN,Hungary,Pápa
Jeremy,Ward,jwardh2@surveymonkey.com,ozv17no,Luxembourg,Mertert
Sandra,Kelly,skellyh3@theatlantic.com,i8RGmw,Thailand,Khao Kho
Denise,Meyer,dmeyerh4@google.ru,S99QV84tj,South Africa,Burgersdorp
Steven,Reyes,sreyesh5@tripod.com,SYAsmj0sd,Reunion,Saint-Paul
Randy,Martinez,rmartinezh6@trellian.com,G9p0tPDlqo4,France,Paris 04
Raymond,Jackson,rjacksonh7@edublogs.org,6ETejzW,Canada,Les Coteaux
Anne,Gardner,agardnerh8@blogs.com,fS1PoQec,Nigeria,Akankpa
Paula,Hall,phallh9@un.org,dKiRsEnUy,Venezuela,San Antonio
Sharon,Lee,sleeha@google.it,yowI1b8X,Azerbaijan,Mingelchaur
James,Watson,jwatsonhb@whitehouse.gov,5IzSI4tQm2qi,Lithuania,Neringa
Terry,Gibson,tgibsonhc@nymag.com,o4byL3k4,China,Huacheng
Anthony,Fernandez,afernandezhd@opera.com,svaF8n,Sweden,Alingsås
Henry,Snyder,hsnyderhe@alexa.com,IZAXjF0,China,Yaohua
Clarence,James,cjameshf@tamu.edu,y63Keq6,Azerbaijan,Bakıxanov
Kevin,Reynolds,kreynoldshg@exblog.jp,FS7DTxPmaNw,France,Marseille
Beverly,Wheeler,bwheelerhh@sitemeter.com,DTACd9wpll,China,Altunemil
Ruby,Mitchell,rmitchellhi@yahoo.co.jp,LR7ZaPWPRmj,Russia,Obsharovka
Denise,Martinez,dmartinezhj@hp.com,RPDDyHqsAa1,Indonesia,Krajan Kinanti
Todd,Meyer,tmeyerhk@live.com,LFVafKEpqza,Russia,Luchegorsk
Martin,Stevens,mstevenshl@a8.net,2xrR848oltk5,China,Suqin Huimin
John,Gilbert,jgilberthm@techcrunch.com,AR16zPt3h,China,Gantang
Beverly,Bennett,bbennetthn@apple.com,nuPdEKRc9b,China,Huaihe
Joe,Wells,jwellsho@cocolog-nifty.com,zJubjIsD,Mexico,Santa Maria
Anna,Gibson,agibsonhp@g.co,Zls5FET,Russia,Yefremov
Amy,Watson,awatsonhq@taobao.com,9cp1tyzdRXg,Ukraine,Petropavlivka
Terry,Duncan,tduncanhr@cdbaby.com,yp68L3XX0,China,Tonghong
Eric,Reed,ereedhs@soup.io,i3a06EU,Brazil,Nova Petrópolis
Sarah,West,swestht@sitemeter.com,MAiM8eLfvz,China,Qingyang
Stephen,Sims,ssimshu@wired.com,LP69EL,Sweden,Södra Sandby
Janice,Morales,jmoraleshv@ucoz.com,Q3F4AY5XnLjv,China,Xinglong
Jason,Dean,jdeanhw@state.tx.us,OB2sDg,Philippines,Dapawan
Harry,Riley,hrileyhx@umich.edu,0M8SVeWP,China,Shengao
Johnny,Wright,jwrighthy@alexa.com,SUFMpWJCz,Russia,Zavolzh’ye
Roger,Arnold,rarnoldhz@nifty.com,VocQe99,Portugal,Vilar do Monte
Christopher,Gutierrez,cgutierrezi0@squidoo.com,DY4yrDF1KY,Afghanistan,Pachīr wa Āgām
Matthew,Jordan,mjordani1@edublogs.org,VNNUnY,United States,Pittsburgh
Clarence,Boyd,cboydi2@upenn.edu,mlgIco,China,Fanrong
Anne,Cook,acooki3@samsung.com,MhuxvJ,Albania,Peza e Madhe
Keith,Gonzalez,kgonzalezi4@last.fm,LwxZbiQhPlnp,Belarus,Palykavichy Pyershyya
Ernest,Bell,ebelli5@biglobe.ne.jp,kBujSDeXu,Sweden,Huddinge
Daniel,Diaz,ddiazi6@ebay.co.uk,NKXIOr,Brazil,Poconé
Sharon,Alexander,salexanderi7@networksolutions.com,X0R0MKssLO,Czech Republic,Pilníkov
Frances,Walker,fwalkeri8@yahoo.co.jp,bPs5kbugP8,Indonesia,Karangbaru
Andrea,Morrison,amorrisoni9@yellowbook.com,VdZH36k5bSB0,Japan,Shinshiro
Richard,Frazier,rfrazieria@columbia.edu,1KAgT99W,Sweden,Stockholm
Judy,Stone,jstoneib@behance.net,D8jt40K,Colombia,Campamento
Richard,Ramos,rramosic@disqus.com,MosChIkaml,China,Sancha
Peter,Turner,pturnerid@prweb.com,RbFQAcC,Indonesia,Cikondang
Martin,Williams,mwilliamsie@jiathis.com,xMSPuMaObiL0,Netherlands,Leeuwarden
Samuel,Johnston,sjohnstonif@wp.com,o8APdiYnmcM,China,Maliang
Annie,Nguyen,anguyenig@technorati.com,3fyhsy7,Angola,Luanda
Jane,Gonzales,jgonzalesih@china.com.cn,eHTBFQPrU,Poland,Besko
Todd,Lee,tleeii@businessweek.com,2B3JZvWubv,Poland,Kościerzyna
Andrea,Miller,amillerij@goo.gl,2lz9I1rau,Panama,Aguadulce
Joyce,Foster,jfosterik@bravesites.com,KTFZzY3Sdt3,China,Xiamazhuang
Michelle,Jackson,mjacksonil@purevolume.com,PlWR2pZ5LEbE,Armenia,Dalar
Phyllis,Carpenter,pcarpenterim@yellowpages.com,sk9govvs,Poland,Wschowa
Heather,Warren,hwarrenin@state.tx.us,P1CWw4NVcHCC,China,Xiangshui
Johnny,Shaw,jshawio@diigo.com,HW8yCpEpCcLI,Indonesia,Ciracap
Teresa,Bell,tbellip@freewebs.com,NtQu6UxIvG,United States,Brooklyn
Ruth,Cruz,rcruziq@youtu.be,r0SPwBLLZObK,Vietnam,Yên Lạc
Alan,Davis,adavisir@cam.ac.uk,xOq9gleG,Thailand,Nong Khae
Anna,Richards,arichardsis@google.com.hk,EEPE0fkB,Portugal,Samouco
Juan,Harvey,jharveyit@blogtalkradio.com,I8saf2,Indonesia,Margahayukencana
Edward,Anderson,eandersoniu@livejournal.com,G9SYiBI,Ukraine,Nelipyno
Johnny,Turner,jturneriv@spotify.com,HdqEYaIy,Georgia,Akhaltsikhe
Evelyn,Torres,etorresiw@gravatar.com,IcOg3DnKQZx,Brazil,Viçosa
Christine,Gomez,cgomezix@dmoz.org,0fPZlT,Ukraine,Kuteynykove
Dorothy,Morris,dmorrisiy@yale.edu,XL8cHWLxjRUC,Yemen,Jiblah
Jacqueline,Wallace,jwallaceiz@pbs.org,AMfiK7JOmZrI,Canada,Port Colborne
Arthur,Boyd,aboydj0@wordpress.com,YbZfFykUo,China,Huxiaoqiao
Joshua,Griffin,jgriffinj1@europa.eu,QYEphGeH2Eu,Russia,Peredovaya
Christopher,Cunningham,ccunninghamj2@51.la,fWPUEi,Poland,Pieniężno
Jessica,Hall,jhallj3@so-net.ne.jp,AcX4ebPX2k,China,Yanwan
Virginia,Shaw,vshawj4@shareasale.com,WpTv2mer0j9J,China,Dinggou
Theresa,Hill,thillj5@plala.or.jp,jHobUpufIah,Brazil,Abaeté
Ryan,Howell,rhowellj6@icq.com,OwJaiu,Lithuania,Visaginas
John,Gardner,jgardnerj7@scribd.com,UyJ5mtts9POY,Myanmar,Kyaikkami
Shawn,Kim,skimj8@scribd.com,hYXs4qV8,Bulgaria,Yakimovo
Ronald,Simpson,rsimpsonj9@storify.com,Y3jcecOD1CA,Indonesia,Sampungu
Randy,Gutierrez,rgutierrezja@mapy.cz,Zq7TYJ74,China,Mori
Gary,Warren,gwarrenjb@parallels.com,guPgSAG5fkW,El Salvador,Sonzacate
Teresa,Ramirez,tramirezjc@studiopress.com,Mqa0JGORJ,Syria,Kafr Zaytā
Harold,Miller,hmillerjd@craigslist.org,Eac8YE1zM,China,Zhangcun
Phyllis,Richards,prichardsje@disqus.com,Uf9AW9PJ69,Madagascar,Faratsiho
Joe,Harris,jharrisjf@cocolog-nifty.com,pVMwUNoO,Croatia,Sarvaš
Samuel,Kelly,skellyjg@cnn.com,buAXs0bWUZU2,Brazil,Trindade
Dennis,Perkins,dperkinsjh@sina.com.cn,b01Ycqf,China,Bailizhou
Sarah,Fields,sfieldsji@mediafire.com,uojCeCn,China,Tacheng
Timothy,Morrison,tmorrisonjj@wikipedia.org,nsNXyuInTNX,Poland,Jadów
Helen,Elliott,helliottjk@4shared.com,bQmOeFJJsr4,China,Shuanghejiedao
Carolyn,Moreno,cmorenojl@webs.com,qs9vJO,Belarus,Khodasy
Roy,Gutierrez,rgutierrezjm@unc.edu,sfGxD83ZZcjP,China,Handegate
Norma,Rice,nricejn@blinklist.com,TY5YuHao,Madagascar,Faratsiho
Antonio,Carter,acarterjo@icio.us,rXoK3lIbYzG,Philippines,Tagkawayan Sabang
Albert,Kim,akimjp@amazon.com,c8U18zdTD,United States,Baton Rouge
Roy,Sullivan,rsullivanjq@hp.com,JCvcZJ,Mexico,Miguel Aleman
Mildred,Spencer,mspencerjr@ameblo.jp,a0NlV2f9iZe,Israel,Bené Beraq
Jerry,Shaw,jshawjs@netvibes.com,70WkRP,Poland,Susiec
Ann,Morgan,amorganjt@google.co.jp,juM6ifUB,Indonesia,Bokor
Harry,Hughes,hhughesju@trellian.com,rFBvGzLGzlLN,Paraguay,San Cosme y Damián
Russell,Cook,rcookjv@pen.io,LfDP4Im3nxZx,Philippines,Gabao
Mark,Snyder,msnyderjw@vistaprint.com,1gnmMo99v,Poland,Drohiczyn
Jonathan,Lawrence,jlawrencejx@deviantart.com,cQdseU8P,Afghanistan,Alah Sāy
Karen,Wood,kwoodjy@odnoklassniki.ru,W8kD1xB58w,China,Hekou
Anne,Hughes,ahughesjz@eepurl.com,8XjxzkfZJ,French Polynesia,Papetoai
Norma,Brown,nbrownk0@tuttocitta.it,hZWpjNqYmdmJ,Croatia,Otok
Beverly,Torres,btorresk1@yahoo.com,7kXWnG,Philippines,San Vicente
Carl,Ryan,cryank2@indiatimes.com,jycdWX,United States,Washington
Rose,Webb,rwebbk3@dailymail.co.uk,aVVMXHXyLM2A,China,Shangshaleng
Diane,Evans,devansk4@phpbb.com,4nJH6JMy,Brazil,Bandeirantes
Mary,Griffin,mgriffink5@apple.com,EHNBOE2gMy,New Zealand,Kaiapoi
Alice,Brown,abrownk6@state.tx.us,HGIK48KAOf,China,Lianhe
Carolyn,Carpenter,ccarpenterk7@lulu.com,AnLSSCTD,Indonesia,Banjar Medura
Brenda,Wagner,bwagnerk8@yelp.com,7rpUlgtQ,Peru,Usquil
Margaret,Morales,mmoralesk9@admin.ch,WRbJ6Z1G,Sweden,Göteborg
Martin,Richards,mrichardska@360.cn,SuLNE3IkM,Indonesia,Kudang
Paula,Butler,pbutlerkb@chronoengine.com,a1iVTyaC6pT,China,Kuangyuan
Joan,Hughes,jhugheskc@yolasite.com,3KXo9e,Iran,Akbarābād
Jessica,Snyder,jsnyderkd@soup.io,rUD7oda,Mexico,Emiliano Zapata
James,Hayes,jhayeske@narod.ru,XHQ5Wz1,Japan,Ikeda
Kevin,Fox,kfoxkf@oakley.com,0Q9SzhxFjQy,Canada,St. Catharines
Joyce,Lopez,jlopezkg@zdnet.com,mqXkmsyv,Indonesia,Plumbangan
Virginia,Harrison,vharrisonkh@woothemes.com,SG6fwedu,China,Jinjiahe
Matthew,Washington,mwashingtonki@creativecommons.org,zqQHt28,France,Alès
Clarence,Kennedy,ckennedykj@hatena.ne.jp,FuVxUw314,Indonesia,Gandoang
Elizabeth,Ruiz,eruizkk@telegraph.co.uk,sUBslb,Czech Republic,Stráž
Richard,Richards,rrichardskl@aboutads.info,pkOuP0,Brazil,São Sebastião
Nancy,Butler,nbutlerkm@macromedia.com,I5zEq3GtEZ,Colombia,Madrid
Randy,Wallace,rwallacekn@purevolume.com,mmhI5OdVyh,Burkina Faso,Sebba
Wayne,Mills,wmillsko@dyndns.org,iowcSh,Dominican Republic,Moca
Louis,Dean,ldeankp@jimdo.com,yTGQ51jD,China,Daqiao
Aaron,Greene,agreenekq@dailymail.co.uk,zfXXOiGInE6O,China,Xukou
Charles,Hunt,chuntkr@yolasite.com,OIlpOwqcbqBN,Canada,Killam
Edward,Warren,ewarrenks@delicious.com,RI24lj,China,Kangxung
Teresa,Matthews,tmatthewskt@upenn.edu,OMzlz8uxNeie,Brazil,Poços de Caldas
Martha,Stanley,mstanleyku@jimdo.com,ipwiRaIw37GB,Paraguay,General Elizardo Aquino
James,Brown,jbrownkv@sciencedirect.com,LDTC951d,China,Gaoqiao
Peter,Sanchez,psanchezkw@t-online.de,Zca54v,France,Briey
Maria,Nichols,mnicholskx@geocities.jp,zWF1Otp2Xx5r,Ghana,Ho
Donna,Brooks,dbrooksky@behance.net,fzASGk,Afghanistan,Khānaqāh
John,Schmidt,jschmidtkz@imageshack.us,dt38BDd4,Poland,Chynów
Tina,Bradley,tbradleyl0@imgur.com,lB1vRg5,Finland,Pyhäsalmi
Harold,Mason,hmasonl1@yellowbook.com,lEi8jed2LH7,Japan,Ayabe
Albert,Knight,aknightl2@usnews.com,J1Cr25Vlqr,China,Gujiang
Jeremy,Ward,jwardl3@dagondesign.com,CwSmly,Brazil,Carazinho
Stephanie,Nguyen,snguyenl4@w3.org,qRyZ9EL,Japan,Shimo-furano
Shawn,Palmer,spalmerl5@chicagotribune.com,KeSfOw,China,Yongchang
Fred,Kelly,fkellyl6@ehow.com,blmwYmw,Czech Republic,Paseka
Margaret,Long,mlongl7@mac.com,74GjELkZ,Philippines,Manay
Paula,Dixon,pdixonl8@dmoz.org,EIQRvCf2Ivq,Philippines,President Roxas
Benjamin,Palmer,bpalmerl9@paypal.com,eVjcoMXo,Albania,Përmet
Jesse,Powell,jpowellla@cocolog-nifty.com,8V1Npk1Avj,China,Suncun
Gloria,Andrews,gandrewslb@imdb.com,7eVGR9pg,France,Valence
Kevin,Kennedy,kkennedylc@cornell.edu,t1PgqMc7N,Dominican Republic,Otra Banda
Jessica,Turner,jturnerld@google.co.uk,Qdn4o3g,Portugal,Picoto
Denise,Gomez,dgomezle@latimes.com,k3mAvhsr,Thailand,Lat Yao
Justin,Murray,jmurraylf@webeden.co.uk,GKCCyXDUVM,Indonesia,Cibolang
Debra,Holmes,dholmeslg@cbslocal.com,GPwe4f7,Thailand,Phu Kradueng
Richard,Rice,rricelh@shinystat.com,D7PwXdi,Ireland,Carrigtwohill
Shawn,Rodriguez,srodriguezli@t.co,ooJa8nh,Egypt,Banī Mazār
Roger,Palmer,rpalmerlj@jugem.jp,BGvhHSt,Russia,Volosovo
Roy,Franklin,rfranklinlk@home.pl,dlYZCNA6Bv,Sweden,Solna
Kimberly,Sullivan,ksullivanll@alexa.com,VUFkylr,Indonesia,Peuteuy
Norma,Stevens,nstevenslm@ca.gov,RUrD0O,France,La Courneuve
Carol,Carroll,ccarrollln@ihg.com,2qx8hLzF,Cameroon,Foumbot
Phillip,Henry,phenrylo@va.gov,ah1za1,Indonesia,Gawul
Susan,Alvarez,salvarezlp@studiopress.com,e3xpyiNo,Russia,Novotroitsk
Michelle,Jenkins,mjenkinslq@adobe.com,ZU77y7zBBwDV,Costa Rica,San Felipe
Charles,Gordon,cgordonlr@dedecms.com,pXm3WFQ,Peru,Yaurisque
Jack,Wallace,jwallacels@tripadvisor.com,nWLr8hPjsNmR,Japan,Sōja
Shawn,Kennedy,skennedylt@ox.ac.uk,LW7pv1Ts,Russia,Uryupinsk
Sean,Fowler,sfowlerlu@etsy.com,H7Qavt,Slovenia,Vir
Roger,Wallace,rwallacelv@google.com.hk,cQfQDNFGgK5,Chad,Goz Béïda
Jacqueline,Bradley,jbradleylw@wix.com,2C6LFHP74Ik,Indonesia,Banjar Tiga
Jonathan,Thomas,jthomaslx@printfriendly.com,Z83BbllvUw,Russia,Korenovsk
Emily,Stephens,estephensly@qq.com,EsLjX45TSHF8,Philippines,Mayo
Deborah,Bowman,dbowmanlz@indiatimes.com,d6LZRI4,Czech Republic,Velký Újezd
Patrick,Lee,pleem0@businessweek.com,gesG9XLTHlO2,Greece,Argalastí
Julie,Webb,jwebbm1@acquirethisname.com,HuIpOKMQP,Sweden,Järfälla
Mark,Carter,mcarterm2@spiegel.de,Qoce0D2lo,Angola,Lobito
Anna,Williamson,awilliamsonm3@live.com,k0Zf2Kvq,China,Dongtai
Christopher,Greene,cgreenem4@sphinn.com,J44ysmsOYeQ,Libya,Zliten
Harold,Williamson,hwilliamsonm5@alexa.com,YWzg06sXWk,United States,Olympia
Wanda,Riley,wrileym6@geocities.jp,sNGPNmW,Albania,Gjirokastër
Stephanie,Cunningham,scunninghamm7@rambler.ru,oNXfnbdnstDY,Japan,Kokubu-matsuki
Sandra,Dunn,sdunnm8@de.vu,pH6QrMh0pQe,China,Binzhou
Gary,Brown,gbrownm9@samsung.com,BTwdQfw7x,Sweden,Västerås
Stephanie,Cooper,scooperma@si.edu,AjQzP7,United States,Staten Island
Willie,Carr,wcarrmb@buzzfeed.com,2lusejMKBi,Canada,Les Coteaux
Billy,Grant,bgrantmc@npr.org,gfMYQWFE,Poland,Nowe Warpno
Douglas,Fisher,dfishermd@hc360.com,cjVDCak,Uganda,Katakwi
Rebecca,Burton,rburtonme@gmpg.org,OH4R2idF6F,Portugal,Bicas
Margaret,Ryan,mryanmf@techcrunch.com,DtSO0ik7764e,China,Karakabak
Chris,Allen,callenmg@webs.com,wxNNNlzSfer,Russia,Vol’nyy Aul
Stephen,Fernandez,sfernandezmh@mlb.com,HxFlCFhL,South Africa,Mankoeng
Phillip,Bell,pbellmi@bigcartel.com,DWsDRsTuf33,Afghanistan,Adraskan
Katherine,Cole,kcolemj@blogtalkradio.com,jmN405w,Nepal,Besisahar
Matthew,Harrison,mharrisonmk@csmonitor.com,ABXFHMrvZE4,Indonesia,Karangarjo
Ashley,Kelley,akelleyml@sphinn.com,EgAXILXO1MvQ,Vietnam,U Minh
Maria,Johnston,mjohnstonmm@si.edu,s7SgQOrkAudG,Indonesia,Carenang Lor
Billy,Nguyen,bnguyenmn@hud.gov,6e4baOs0JHy,Brazil,Cajati
Jesse,Alexander,jalexandermo@nba.com,YogfO48f,Netherlands,Heemskerk
Jennifer,Parker,jparkermp@whitehouse.gov,sjHcrYbU,Philippines,Dinahican
Phillip,Henry,phenrymq@businesswire.com,RBjrgdPelbbU,China,Shawan
Rachel,Gordon,rgordonmr@gmpg.org,9hq8tqCbZ0,South Korea,Hwawŏn
Jessica,Harris,jharrisms@netscape.com,LDKUU2FAjgxT,Afghanistan,Qal‘ah-ye Na‘īm
Janet,Graham,jgrahammt@jugem.jp,J5nk9Akt,Nigeria,Ohafia-Ifigh
Johnny,Burns,jburnsmu@time.com,w0mIaLFVVe,Philippines,Santol
Laura,Hill,lhillmv@freewebs.com,8rxBLqiwgW,China,Taipinghu
Joe,Watson,jwatsonmw@mozilla.org,jvzkwPxamVqq,Ukraine,Turiys’k
Thomas,Fernandez,tfernandezmx@adobe.com,fuNp5Eu,China,Tanxi
Julia,Lee,jleemy@google.it,Jxzi3k,Czech Republic,Dolní Lhota
Margaret,Baker,mbakermz@economist.com,fkWRqBi,Yemen,Manwakh
Jonathan,Lewis,jlewisn0@issuu.com,bmNMocDEdz,China,Shiren
Laura,Austin,laustinn1@unblog.fr,GKNXmAH,Indonesia,Ancol
Peter,Rogers,progersn2@ox.ac.uk,6MxQvqoccgbs,New Zealand,Taradale
Randy,Martin,rmartinn3@ucoz.ru,Pyno7mHwX,China,Jianshe
Christopher,Reed,creedn4@businessweek.com,UpxuXFR3,Sweden,Tanumshede
Sara,Riley,srileyn5@nsw.gov.au,tvfYDki,China,Rucheng Chengguanzhen
Jeremy,Mills,jmillsn6@yellowbook.com,2adRGFGhB,Philippines,Baclayon
Steve,Wilson,swilsonn7@digg.com,Qymmc9tc,Russia,Petrozavodsk
Jose,Sanchez,jsanchezn8@prlog.org,BOTgoaSiu1Mx,Ukraine,Zarya
Wayne,Stephens,wstephensn9@amazon.co.uk,mFql7GMu,Indonesia,Bungur
Juan,Jordan,jjordanna@reference.com,eRGsPLxpEYl,Portugal,Porto Alto
Julia,Ortiz,jortiznb@gnu.org,YbCFrRDF3r,Indonesia,Banjar Danginsema
Debra,Mcdonald,dmcdonaldnc@engadget.com,hyXOkkTd3jlM,Panama,Chigoré
Joseph,Rivera,jriverand@parallels.com,zhU4ly,Russia,Storozhevaya
Lois,Berry,lberryne@blinklist.com,K9YExHc,France,Quimperlé
Paula,Henderson,phendersonnf@cdbaby.com,pB7Du6G,Indonesia,Nangerang
Susan,Castillo,scastillong@cdc.gov,Cndo1moYi,China,Wanzhai
Eugene,Stevens,estevensnh@indiegogo.com,0WsFpTo2XyS1,Brazil,Oriximiná
Sandra,Perry,sperryni@a8.net,6SwKt1P,Indonesia,Sidomakmur
Linda,Nichols,lnicholsnj@apache.org,8ClNM1FBuZ,China,Biaoxi
Tina,Burke,tburkenk@desdev.cn,ecetLC,China,Hoxtolgay
Thomas,Gutierrez,tgutierreznl@illinois.edu,oVA9XVGCr,Indonesia,Pakemitan
Mildred,Ford,mfordnm@sitemeter.com,7yvJjiQR,Mexico,Guanajuato
Samuel,White,swhitenn@house.gov,rG8RY47,Peru,Achanizo
Jason,Harvey,jharveyno@deliciousdays.com,Q2jaiN,China,Zhouzhuang
Judith,Wood,jwoodnp@ucla.edu,LkPm4exSay3Q,France,Lorient
Jason,Lane,jlanenq@cdbaby.com,NpmLwivPuDmG,Brazil,Soledade
Norma,Brooks,nbrooksnr@unesco.org,QiaaTwWDOB,China,Shuigou’ao
Terry,Wells,twellsns@comsenz.com,uLUBtN,Afghanistan,Kanḏay
Jeremy,Hunter,jhunternt@goodreads.com,HFcHLfaa,Philippines,Takub
Melissa,Burton,mburtonnu@intel.com,MpDzeqi,Kazakhstan,Ekibastuz
Heather,Mcdonald,hmcdonaldnv@craigslist.org,EMxIjZH,China,Hengliang
Peter,Cruz,pcruznw@bravesites.com,J4PcNUE6bIw,Czech Republic,Hulín
Eric,Hayes,ehayesnx@slate.com,tMbr1MFTZ9,Ukraine,Rakhiv
Martha,Cruz,mcruzny@mayoclinic.com,Kq0QrYcUhC6E,Indonesia,Kaburon
Mary,Jacobs,mjacobsnz@skyrock.com,E6I0aERe,Poland,Haczów
Jason,Tucker,jtuckero0@mayoclinic.com,niD3cx,Japan,Ōkawara
Philip,Hunter,phuntero1@google.com,u23hS2Gvs,Brazil,Gravataí
Janet,Romero,jromeroo2@wix.com,ZiCQNCJuKU,Russia,Muchkapskiy
Rebecca,Cruz,rcruzo3@nhs.uk,byNh5RNQ,Venezuela,Capacho Nuevo
Russell,Cole,rcoleo4@google.nl,Z0F6Z6,Guatemala,Cuyotenango
Cynthia,Hanson,chansono5@cargocollective.com,YOgnya,Greece,Mesiméri
Doris,Richardson,drichardsono6@hud.gov,XyLgKZA,Indonesia,Neglasari
Brandon,Palmer,bpalmero7@xing.com,YZ9HJedb5qR,Indonesia,Karangampel
Eugene,Kim,ekimo8@netscape.com,B3ORy3ei,China,Dongfeng
Kathy,Ferguson,kfergusono9@intel.com,dNcrLc,Russia,Pokrovo-Prigorodnoye
Katherine,Mccoy,kmccoyoa@geocities.com,naD5paBZ,Indonesia,Kamubheka
Howard,Diaz,hdiazob@sciencedaily.com,AeqKqsIJ,China,Nanjiao
Earl,Oliver,eoliveroc@nyu.edu,29f8e7d,Albania,Sarandë
Janice,Smith,jsmithod@ezinearticles.com,sBdTeXZJVhx,Russia,Krasnyy Oktyabr’
Joseph,Lawrence,jlawrenceoe@vkontakte.ru,l5dmXL99U7,Canada,Princeville
Daniel,Castillo,dcastilloof@example.com,0dfbKF,Indonesia,Samburat
Ronald,Fisher,rfisherog@va.gov,ZZv3sbkh,China,Huangtan
Debra,Spencer,dspenceroh@tmall.com,R8oLusdW,China,Tangzha
Patrick,Armstrong,parmstrongoi@dagondesign.com,NdB3yN,Russia,Semikarakorsk
Ashley,Rice,ariceoj@blogtalkradio.com,EJIsEN9oYffu,Indonesia,Barengkok Hilir
Michelle,Rodriguez,mrodriguezok@webmd.com,msGYhyOmwAr,Indonesia,Halong
Judy,Spencer,jspencerol@macromedia.com,otOupytm,Russia,Kondinskoye
Billy,Welch,bwelchom@ning.com,vtXm9mWrO,Brazil,Agudos
Jose,Campbell,jcampbellon@msn.com,Qc0z1Eq9GP1,Canada,St. Thomas
Teresa,Wood,twoodoo@blogger.com,CXodQ9ZvCI,Indonesia,Nggelok
Ryan,Garza,rgarzaop@myspace.com,5DLurQ,Norway,Fredrikstad
Joe,Carter,jcarteroq@edublogs.org,lF2kvnUI,Ukraine,Inkerman
Lisa,Armstrong,larmstrongor@twitpic.com,AqjTnLtfLI,Russia,Tsotsin-Yurt
Douglas,Brooks,dbrooksos@posterous.com,pVR6qxp,United States,Lees Summit
Joe,Sanders,jsandersot@goo.ne.jp,i32FdZhjWUo,Indonesia,Oehala
Mildred,Ellis,mellisou@wikimedia.org,GzRU76t6h,Brazil,Aragarças
Phillip,Rogers,progersov@phpbb.com,sUCSXHhvS,Indonesia,Simpang Ulim
Benjamin,Burton,bburtonow@t.co,564Zgr,Philippines,Koronadal
Paul,Jenkins,pjenkinsox@cafepress.com,bCTfk1,Thailand,Khanu Woralaksaburi
Kevin,Patterson,kpattersonoy@illinois.edu,UlIjVIBbv3Aq,Russia,Novogurovskiy
Kimberly,Baker,kbakeroz@soundcloud.com,rlhkaQfANmUx,Brazil,Arapongas
Brandon,Oliver,boliverp0@icq.com,8uEz6rbDEZ,China,Xixiang
Roger,Diaz,rdiazp1@people.com.cn,PU9AGK,China,Guanfang
Margaret,Kennedy,mkennedyp2@amazonaws.com,lGcNVpZ5,Slovenia,Hrastnik
Frances,Griffin,fgriffinp3@nhs.uk,WPv9jXiYW,China,Jiulong
Diana,Harris,dharrisp4@bigcartel.com,7WCKVkwHY,China,Yangping
Carl,Oliver,coliverp5@bloomberg.com,JsXg4Qec3XV5,Canada,Belleville
Katherine,Taylor,ktaylorp6@deviantart.com,1LEVMtBt,Ukraine,Brovary
Louis,Cunningham,lcunninghamp7@wordpress.com,GqaGBrLOY,Bulgaria,Mŭglizh
Joe,Little,jlittlep8@dedecms.com,AqJlhaMY,China,Sigu
Sandra,Stanley,sstanleyp9@drupal.org,EtzdrKRON,Cameroon,Bafoussam
Julia,Gutierrez,jgutierrezpa@skype.com,oWTPA2H0qd,Syria,‘Afrīn
Ashley,Little,alittlepb@wisc.edu,DyVXWEfvBJdK,Serbia,Toba
Jose,Thomas,jthomaspc@foxnews.com,VUZpLz7nN,United States,Virginia Beach
Ann,Garrett,agarrettpd@mashable.com,1j1iWyL,China,Wangliao
Annie,Thompson,athompsonpe@xrea.com,2YZacv5qtNC,Czech Republic,Brněnec
Christopher,Baker,cbakerpf@cocolog-nifty.com,KomQkg,China,Bayart Huxu
Anne,Peters,apeterspg@ustream.tv,81QDRHdxPIv,France,Ploemeur
Ruth,Medina,rmedinaph@plala.or.jp,FkDP237,China,Xincheng
Cynthia,George,cgeorgepi@wikispaces.com,d6cyK8oF,Iran,Dasht-e Lati
Martin,Payne,mpaynepj@baidu.com,8IkYcs,Japan,Hitachi
Gloria,Black,gblackpk@hugedomains.com,jO4kKw5QtP,Yemen,Dhamār
Lisa,Gardner,lgardnerpl@example.com,BIpDMV5fo,Indonesia,Pasiripis
Wayne,Stewart,wstewartpm@addtoany.com,AYmOqw4,Greece,Chavárion
Jimmy,Wilson,jwilsonpn@creativecommons.org,KSJc4f,Kazakhstan,Komsomolets
Annie,Chavez,achavezpo@t-online.de,zRkhNO,China,Shazhouba
Katherine,Hanson,khansonpp@dagondesign.com,mSpEvBHvZ,Peru,Chocos
Janice,Reid,jreidpq@stanford.edu,VQ4GLb3z15K,Greece,Graikochóri
Larry,Turner,lturnerpr@cpanel.net,mq1G9Ogd6nc,China,Xitan
Andrea,Thompson,athompsonps@163.com,g4P6IX,Russia,Katyr-Yurt
Julie,Payne,jpaynept@geocities.com,MwqD20T9Fcm,Guinea,Labé
Doris,Butler,dbutlerpu@boston.com,WHgAH9,Chile,Taltal
Carl,Clark,cclarkpv@ihg.com,w0KlIQ,Pakistan,Zhob
Ernest,Hayes,ehayespw@irs.gov,i53zuTJTx,China,Bailang
Ann,Kelly,akellypx@npr.org,5CQkjO,Philippines,Panganiban
Thomas,Little,tlittlepy@admin.ch,SIFEc6zG0GB3,Ecuador,Catamayo
Roy,Torres,rtorrespz@multiply.com,1xNWPCLHGTbE,Philippines,Alabat
Helen,Nguyen,hnguyenq0@ycombinator.com,FqguDVV1B8fo,Indonesia,Darungan
Kelly,Griffin,kgriffinq1@g.co,a4tXsBXwo,Japan,Chiryū
Phillip,Bradley,pbradleyq2@networkadvertising.org,RA5FSyW,Indonesia,Lasusua
Louise,Hernandez,lhernandezq3@yandex.ru,ayQUrfBgbizp,China,Baishui
Victor,Reynolds,vreynoldsq4@amazon.co.uk,UeKdKsJ24,Russia,Novyye Kuz’minki
Wayne,Banks,wbanksq5@techcrunch.com,R6nZ9Ytdz70,Belarus,Mar’’ina Horka
Kimberly,Harrison,kharrisonq6@reuters.com,mpo4lh2W2bYu,Philippines,Babo-Pangulo
Ashley,Jackson,ajacksonq7@mtv.com,psRbfR3,Guam,Guam Government House
Billy,Jones,bjonesq8@technorati.com,4kPoWlqKH,Brazil,Caculé
Pamela,Young,pyoungq9@sogou.com,PFh6UF,Oman,Sufālat Samā’il
Tammy,Peters,tpetersqa@storify.com,yCFDkRy4,Russia,Grazhdanka
Billy,Wells,bwellsqb@apache.org,rGMElmMzXMq,Greece,Kouloúra
Lois,Ramirez,lramirezqc@studiopress.com,erPky9,China,Gaoyi
Nicholas,Willis,nwillisqd@google.nl,gBgZIAQOk,China,Xiashan
Julia,Hansen,jhansenqe@amazonaws.com,GZB5Wn,Russia,Sochi
Mark,Elliott,melliottqf@ebay.co.uk,Gs0rpc6,France,Firminy
Sandra,Davis,sdavisqg@theatlantic.com,Dg6RHBTMb,China,Beisijiazi
Annie,Fields,afieldsqh@mac.com,1mic6pSsFl,China,Tanggu
Justin,George,jgeorgeqi@cargocollective.com,DE9BJFPVWOJ,Ukraine,Semypolky
Kathy,Mason,kmasonqj@state.gov,gebUwXfYvdQ6,Laos,Phôngsali
Carol,Gardner,cgardnerqk@ebay.com,IsNUena,China,Guanshan
Harry,Anderson,handersonql@europa.eu,XD9JodV7,Indonesia,Sukarara Utara
Edward,Grant,egrantqm@scribd.com,bbgzNtfw,Indonesia,Bantal
Roger,James,rjamesqn@umn.edu,8yJY6n,Indonesia,Kadubera
Arthur,Medina,amedinaqo@columbia.edu,qyN1TSMm,Uganda,Luuka Town
Pamela,Jackson,pjacksonqp@hugedomains.com,uVMlxqqUXf,China,Nanmen
Clarence,Cunningham,ccunninghamqq@deliciousdays.com,JOaIX9,Kyrgyzstan,Sulyukta
Kenneth,Chapman,kchapmanqr@omniture.com,jwSoSy91y0,Indonesia,Cigadog Hilir
Philip,Patterson,ppattersonqs@dion.ne.jp,VWFre3sfCy,Argentina,General Martín Miguel de Güemes
Jacqueline,Lawrence,jlawrenceqt@de.vu,muXNkve,Mexico,Morelos
Kelly,Wood,kwoodqu@admin.ch,XUZPSw,South Africa,Rosebank
Annie,Black,ablackqv@imageshack.us,ETgjI7yF0,Portugal,Lagoa de Albufeira
Jerry,Smith,jsmithqw@desdev.cn,UQILiD,Indonesia,Lajarik
Lois,Bishop,lbishopqx@sourceforge.net,3RZMt5h,Armenia,Buzhakan
Jeremy,Smith,jsmithqy@pbs.org,g7eekPLvEOo,Armenia,Verin Artashat
Robert,Little,rlittleqz@cmu.edu,yhlUSQepG,Sri Lanka,Anuradhapura
Craig,Richardson,crichardsonr0@delicious.com,FeV8XmX0nna,China,Tangwei
Jesse,Myers,jmyersr1@imdb.com,pvVnMokvIX6,Sweden,Mora
Brenda,Harper,bharperr2@topsy.com,iwG8pTQbN,Uganda,Maracha
Robert,Jordan,rjordanr3@phoca.cz,yc5bQqcVyCK,United States,El Paso
Anna,Nichols,anicholsr4@drupal.org,GezZQ98fg,Mexico,Francisco I Madero
Margaret,Cole,mcoler5@imageshack.us,QANFyMKL,Portugal,Cobre
Gerald,Matthews,gmatthewsr6@senate.gov,QyXhEH,Greece,Vrakháti
Ernest,Price,epricer7@phpbb.com,ay1KiJijwQn,Poland,Słupno
Robin,Freeman,rfreemanr8@rakuten.co.jp,UYAMTp,Czech Republic,Batelov
Jean,Baker,jbakerr9@fc2.com,5ASAIIvjLG,Indonesia,Totok
Jean,White,jwhitera@mayoclinic.com,NIHn2Zm9,Brazil,São João dos Inhamuns
Jennifer,Watkins,jwatkinsrb@bloglines.com,xVFYo9,Philippines,Simunul
Amy,Taylor,ataylorrc@webs.com,drtKm9RUMk7,Uruguay,San José de Mayo
Virginia,Pierce,vpiercerd@freewebs.com,FMmR7O,Poland,Małkinia Górna
Lisa,Rose,lrosere@paypal.com,M7L6Yv485R0h,Poland,Niedzica
George,Carpenter,gcarpenterrf@dailymotion.com,eLx9reIYqN,Mongolia,Sharïngol
Andrew,Reynolds,areynoldsrg@examiner.com,zlRtSPD,Colombia,Neiva
Joan,Butler,jbutlerrh@live.com,Qd6xhFBMT,Russia,Shuya
Chris,Freeman,cfreemanri@hao123.com,CfqMmHW,Guinea,Kissidougou
Ronald,Baker,rbakerrj@wikimedia.org,aHvXJcz,Russia,Krasnorechenskiy
Carolyn,Riley,crileyrk@archive.org,KTN4dd,Russia,Promyshlennaya
Michael,Grant,mgrantrl@a8.net,8L5koMbSwVt,Cyprus,Klirou
Mildred,Campbell,mcampbellrm@yelp.com,EOADQ4HYzS,China,Yeping
Dorothy,Cooper,dcooperrn@dell.com,jsFFDpBUgg,Indonesia,Baluk
Harold,Franklin,hfranklinro@uiuc.edu,XIxZPkCc8Z2,Honduras,El Suyatal
Lawrence,Hansen,lhansenrp@merriam-webster.com,JESMJ0,Peru,Huasahuasi
Craig,Morgan,cmorganrq@java.com,9tls5hOD,Pakistan,Malakwāl
Jane,Black,jblackrr@howstuffworks.com,JA3AgI3gVP0,Vietnam,Buôn Ma Thuột
